metric,2025-08-15,2025-08-16,2025-08-17,2025-08-18,2025-08-19,2025-08-20,2025-08-21,2025-08-22,2025-08-23,2025-08-24,2025-08-25,2025-08-26,2025-08-27,2025-08-28,2025-08-29,2025-08-30,2025-08-31,2025-09-01,2025-09-02,2025-09-03,2025-09-04,2025-09-05,2025-09-06,2025-09-07,2025-09-08,2025-09-09,2025-09-10
订单表.锁单数,196,198,202,90,163,156,164,121,152,193,127,125,89,83,139,144,145,103,76,65,69,51,106,152,75,83,6040
订单表.锁单人数,180,195,200,88,136,138,123,112,150,165,113,113,88,77,130,142,145,100,76,65,67,50,105,149,74,81,6016
订单表.锁单人数（order_type != 试驾车）,105,182,188,85,102,103,62,76,147,136,75,90,68,59,88,136,137,90,70,65,64,45,105,147,67,77,6015
订单表.开票数,167,81,41,137,128,142,148,152,80,49,234,168,189,254,268,147,88,84,87,89,73,112,38,28,95,157,200
订单表.锁单退订数,16,30,32,11,16,17,12,14,27,32,19,16,9,15,13,19,25,13,3,8,12,9,16,25,9,20,902
订单表.留存锁单数,180,168,170,79,147,139,152,107,125,161,108,109,80,68,126,125,120,90,73,57,57,42,90,127,66,63,5138
订单表.在营门店数,382,384,383,382,382,381,382,382,382,381,383,383,383,384,385,386,387,391,392,393,391,393,393,393,393,395,395
订单表.CR5门店销量集中度,8.7%,11.1%,9.4%,15.6%,14.7%,16.0%,14.6%,16.5%,9.9%,16.6%,15.0%,18.4%,13.5%,19.3%,17.3%,14.6%,13.1%,13.6%,17.1%,20.0%,15.9%,25.5%,13.2%,17.1%,16.0%,28.9%,4.7%
订单表.CR5门店城市销量集中度,28.6%,35.4%,34.2%,30.0%,28.8%,29.5%,52.4%,47.1%,36.2%,44.0%,33.1%,38.4%,31.5%,33.7%,41.0%,43.8%,36.6%,44.7%,38.2%,47.7%,36.2%,41.2%,37.7%,43.4%,34.7%,44.6%,31.0%
"订单表.整体ATP(用户车,万元)",21.09,21.15,21.45,21.35,21.31,20.84,21.06,21.14,20.71,20.96,21.35,21.14,21.36,21.41,21.21,21.5,20.69,21.04,21.42,21.24,21.38,21.4,21.55,21.08,21.18,21.21,20.99
订单表.share_l6,54.3%,54.9%,58.7%,52.3%,53.8%,61.2%,54.5%,65.8%,71.1%,75.0%,65.4%,71.0%,69.1%,78.1%,77.7%,83.2%,81.8%,83.3%,72.9%,67.7%,65.2%,71.1%,74.5%,78.9%,74.6%,71.8%,0.6%
订单表.share_ls6,45.7%,45.1%,40.7%,45.3%,45.3%,37.9%,45.5%,32.9%,28.9%,25.0%,32.1%,26.9%,29.4%,18.8%,20.2%,16.8%,17.5%,16.7%,27.1%,26.2%,33.3%,26.7%,23.6%,19.0%,22.4%,28.2%,99.4%
订单表.share_ls9,0.0%,0.0%,0.0%,0.0%,0.9%,0.0%,0.0%,0.0%,0.0%,0.0%,0.0%,0.0%,0.0%,0.0%,0.0%,0.0%,0.0%,0.0%,0.0%,0.0%,0.0%,0.0%,0.0%,0.0%,0.0%,0.0%,0.0%
订单表.share_reev,1.0%,0.0%,0.0%,1.2%,1.9%,0.0%,0.0%,0.0%,0.0%,0.0%,1.3%,0.0%,0.0%,0.0%,3.2%,0.0%,1.5%,1.1%,0.0%,1.5%,6.1%,0.0%,0.0%,0.0%,1.5%,7.7%,58.1%
订单表.店均锁单数,0.51,0.52,0.53,0.24,0.43,0.41,0.43,0.32,0.4,0.51,0.33,0.33,0.23,0.22,0.36,0.37,0.37,0.26,0.19,0.17,0.18,0.13,0.27,0.39,0.19,0.21,15.29
订单表.店日均下发线索数,53.66,64.03,61.63,49.29,49.2,51.54,48.79,47.61,51.3,50.32,43.04,44.79,47.13,46.13,47.97,51.4,49.87,41.13,42.2,40.51,41.12,44.28,51.67,48.57,39.29,48.21,64.07
归因分析.锁单用户数,101,178,186,81,97,98,58,73,142,135,71,85,63,54,78,129,136,88,67,62,64,39,103,145,67,72,5897
归因分析.数据完整度,96.2%,97.8%,98.9%,95.3%,95.1%,95.1%,93.5%,96.1%,96.6%,99.3%,94.7%,94.4%,92.6%,91.5%,88.6%,94.9%,99.3%,97.8%,95.7%,95.4%,100.0%,86.7%,98.1%,98.6%,100.0%,93.5%,98.0%
归因分析.平均触达次数,1.58,2.06,1.77,2.53,2.13,2.42,2.47,2.32,1.87,1.92,2.3,2.24,1.9,2.2,3.21,1.84,2.18,2.23,2.37,2.87,2.45,2.54,2.05,1.77,2.06,3.29,2.06
归因分析.平均转化时长(天),7.98,11.06,7.24,16.16,13.11,21.85,8.59,4.45,7.39,10.29,7.99,3.36,14.49,6.24,10.97,17.26,11.9,20.75,4.73,18.53,12.88,14.03,5.93,13.26,11.64,9.03,24.86
归因分析.锁单用户主要渠道Top5,"[{""channel"": ""自然客流"", ""locked_users"": 34, ""pct"": ""33.7%""}, {""channel"": ""新媒体-抖音"", ""locked_users"": 9, ""pct"": ""8.9%""}, {""channel"": ""易车伙伴网单"", ""locked_users"": 6, ""pct"": ""5.9%""}, {""channel"": ""品牌投放-百度购车宝"", ""locked_users"": 6, ""pct"": ""5.9%""}, {""channel"": ""用户裂变"", ""locked_users"": 5, ""pct"": ""5.0%""}, {""channel"": ""其他"", ""locked_users"": 41, ""pct"": ""40.6%""}]","[{""channel"": ""自然客流"", ""locked_users"": 69, ""pct"": ""38.8%""}, {""channel"": ""新媒体-抖音"", ""locked_users"": 18, ""pct"": ""10.1%""}, {""channel"": ""易车伙伴网单"", ""locked_users"": 10, ""pct"": ""5.6%""}, {""channel"": ""地推（门店）"", ""locked_users"": 6, ""pct"": ""3.4%""}, {""channel"": ""用户裂变"", ""locked_users"": 6, ""pct"": ""3.4%""}, {""channel"": ""其他"", ""locked_users"": 69, ""pct"": ""38.8%""}]","[{""channel"": ""自然客流"", ""locked_users"": 75, ""pct"": ""40.3%""}, {""channel"": ""新媒体-抖音"", ""locked_users"": 15, ""pct"": ""8.1%""}, {""channel"": ""活动自然参与"", ""locked_users"": 10, ""pct"": ""5.4%""}, {""channel"": ""易车伙伴网单"", ""locked_users"": 8, ""pct"": ""4.3%""}, {""channel"": ""用户裂变"", ""locked_users"": 8, ""pct"": ""4.3%""}, {""channel"": ""其他"", ""locked_users"": 70, ""pct"": ""37.6%""}]","[{""channel"": ""自然客流"", ""locked_users"": 37, ""pct"": ""45.7%""}, {""channel"": ""新媒体-抖音"", ""locked_users"": 6, ""pct"": ""7.4%""}, {""channel"": ""易车伙伴网单"", ""locked_users"": 4, ""pct"": ""4.9%""}, {""channel"": ""抖音-矩阵"", ""locked_users"": 4, ""pct"": ""4.9%""}, {""channel"": ""懂车帝卖车通"", ""locked_users"": 3, ""pct"": ""3.7%""}, {""channel"": ""其他"", ""locked_users"": 27, ""pct"": ""33.3%""}]","[{""channel"": ""自然客流"", ""locked_users"": 33, ""pct"": ""34.0%""}, {""channel"": ""新媒体-抖音"", ""locked_users"": 9, ""pct"": ""9.3%""}, {""channel"": ""用户裂变"", ""locked_users"": 7, ""pct"": ""7.2%""}, {""channel"": ""品牌投放-百度购车宝"", ""locked_users"": 5, ""pct"": ""5.2%""}, {""channel"": ""易车"", ""locked_users"": 4, ""pct"": ""4.1%""}, {""channel"": ""其他"", ""locked_users"": 39, ""pct"": ""40.2%""}]","[{""channel"": ""自然客流"", ""locked_users"": 35, ""pct"": ""35.7%""}, {""channel"": ""新媒体-抖音"", ""locked_users"": 12, ""pct"": ""12.2%""}, {""channel"": ""易车伙伴网单"", ""locked_users"": 9, ""pct"": ""9.2%""}, {""channel"": ""汽车之家车商汇"", ""locked_users"": 6, ""pct"": ""6.1%""}, {""channel"": ""用户裂变"", ""locked_users"": 5, ""pct"": ""5.1%""}, {""channel"": ""其他"", ""locked_users"": 31, ""pct"": ""31.6%""}]","[{""channel"": ""自然客流"", ""locked_users"": 29, ""pct"": ""50.0%""}, {""channel"": ""新媒体-抖音"", ""locked_users"": 5, ""pct"": ""8.6%""}, {""channel"": ""易车伙伴网单"", ""locked_users"": 4, ""pct"": ""6.9%""}, {""channel"": ""地推（门店）"", ""locked_users"": 3, ""pct"": ""5.2%""}, {""channel"": ""新媒体-小红书"", ""locked_users"": 2, ""pct"": ""3.4%""}, {""channel"": ""其他"", ""locked_users"": 15, ""pct"": ""25.9%""}]","[{""channel"": ""自然客流"", ""locked_users"": 33, ""pct"": ""45.2%""}, {""channel"": ""新媒体-抖音"", ""locked_users"": 7, ""pct"": ""9.6%""}, {""channel"": ""易车伙伴网单"", ""locked_users"": 5, ""pct"": ""6.8%""}, {""channel"": ""Popup（门店）"", ""locked_users"": 3, ""pct"": ""4.1%""}, {""channel"": ""品牌投放-百度购车宝"", ""locked_users"": 2, ""pct"": ""2.7%""}, {""channel"": ""其他"", ""locked_users"": 23, ""pct"": ""31.5%""}]","[{""channel"": ""自然客流"", ""locked_users"": 49, ""pct"": ""34.5%""}, {""channel"": ""新媒体-抖音"", ""locked_users"": 16, ""pct"": ""11.3%""}, {""channel"": ""易车伙伴网单"", ""locked_users"": 13, ""pct"": ""9.2%""}, {""channel"": ""Popup（门店）"", ""locked_users"": 7, ""pct"": ""4.9%""}, {""channel"": ""品牌投放-百度购车宝"", ""locked_users"": 6, ""pct"": ""4.2%""}, {""channel"": ""其他"", ""locked_users"": 51, ""pct"": ""35.9%""}]","[{""channel"": ""自然客流"", ""locked_users"": 57, ""pct"": ""42.2%""}, {""channel"": ""新媒体-抖音"", ""locked_users"": 13, ""pct"": ""9.6%""}, {""channel"": ""活动自然参与"", ""locked_users"": 7, ""pct"": ""5.2%""}, {""channel"": ""易车伙伴网单"", ""locked_users"": 7, ""pct"": ""5.2%""}, {""channel"": ""新媒体-小红书"", ""locked_users"": 5, ""pct"": ""3.7%""}, {""channel"": ""其他"", ""locked_users"": 46, ""pct"": ""34.1%""}]","[{""channel"": ""自然客流"", ""locked_users"": 20, ""pct"": ""28.2%""}, {""channel"": ""易车伙伴网单"", ""locked_users"": 6, ""pct"": ""8.5%""}, {""channel"": ""品牌投放-百度购车宝"", ""locked_users"": 5, ""pct"": ""7.0%""}, {""channel"": ""新媒体-抖音"", ""locked_users"": 4, ""pct"": ""5.6%""}, {""channel"": ""小红书私信"", ""locked_users"": 3, ""pct"": ""4.2%""}, {""channel"": ""其他"", ""locked_users"": 33, ""pct"": ""46.5%""}]","[{""channel"": ""自然客流"", ""locked_users"": 31, ""pct"": ""36.5%""}, {""channel"": ""新媒体-抖音"", ""locked_users"": 8, ""pct"": ""9.4%""}, {""channel"": ""易车伙伴网单"", ""locked_users"": 5, ""pct"": ""5.9%""}, {""channel"": ""地推（门店）"", ""locked_users"": 4, ""pct"": ""4.7%""}, {""channel"": ""抖音-矩阵"", ""locked_users"": 4, ""pct"": ""4.7%""}, {""channel"": ""其他"", ""locked_users"": 33, ""pct"": ""38.8%""}]","[{""channel"": ""自然客流"", ""locked_users"": 26, ""pct"": ""41.3%""}, {""channel"": ""新媒体-抖音"", ""locked_users"": 4, ""pct"": ""6.3%""}, {""channel"": ""易车伙伴网单"", ""locked_users"": 4, ""pct"": ""6.3%""}, {""channel"": ""品牌投放-百度购车宝"", ""locked_users"": 3, ""pct"": ""4.8%""}, {""channel"": ""懂车帝"", ""locked_users"": 2, ""pct"": ""3.2%""}, {""channel"": ""其他"", ""locked_users"": 24, ""pct"": ""38.1%""}]","[{""channel"": ""自然客流"", ""locked_users"": 21, ""pct"": ""38.9%""}, {""channel"": ""新媒体-抖音"", ""locked_users"": 4, ""pct"": ""7.4%""}, {""channel"": ""Popup（门店）"", ""locked_users"": 4, ""pct"": ""7.4%""}, {""channel"": ""地推（门店）"", ""locked_users"": 4, ""pct"": ""7.4%""}, {""channel"": ""易车伙伴网单"", ""locked_users"": 3, ""pct"": ""5.6%""}, {""channel"": ""其他"", ""locked_users"": 18, ""pct"": ""33.3%""}]","[{""channel"": ""自然客流"", ""locked_users"": 27, ""pct"": ""34.6%""}, {""channel"": ""易车伙伴网单"", ""locked_users"": 7, ""pct"": ""9.0%""}, {""channel"": ""品牌投放-百度购车宝"", ""locked_users"": 6, ""pct"": ""7.7%""}, {""channel"": ""直接大定"", ""locked_users"": 5, ""pct"": ""6.4%""}, {""channel"": ""APP-试乘试驾"", ""locked_users"": 4, ""pct"": ""5.1%""}, {""channel"": ""其他"", ""locked_users"": 29, ""pct"": ""37.2%""}]","[{""channel"": ""自然客流"", ""locked_users"": 50, ""pct"": ""38.8%""}, {""channel"": ""新媒体-抖音"", ""locked_users"": 10, ""pct"": ""7.8%""}, {""channel"": ""活动自然参与"", ""locked_users"": 7, ""pct"": ""5.4%""}, {""channel"": ""易车伙伴网单"", ""locked_users"": 7, ""pct"": ""5.4%""}, {""channel"": ""品牌投放-百度购车宝"", ""locked_users"": 6, ""pct"": ""4.7%""}, {""channel"": ""其他"", ""locked_users"": 49, ""pct"": ""38.0%""}]","[{""channel"": ""自然客流"", ""locked_users"": 49, ""pct"": ""36.0%""}, {""channel"": ""新媒体-抖音"", ""locked_users"": 15, ""pct"": ""11.0%""}, {""channel"": ""易车伙伴网单"", ""locked_users"": 12, ""pct"": ""8.8%""}, {""channel"": ""用户裂变"", ""locked_users"": 5, ""pct"": ""3.7%""}, {""channel"": ""抖音-矩阵"", ""locked_users"": 5, ""pct"": ""3.7%""}, {""channel"": ""其他"", ""locked_users"": 50, ""pct"": ""36.8%""}]","[{""channel"": ""自然客流"", ""locked_users"": 31, ""pct"": ""35.2%""}, {""channel"": ""新媒体-抖音"", ""locked_users"": 7, ""pct"": ""8.0%""}, {""channel"": ""用户裂变"", ""locked_users"": 5, ""pct"": ""5.7%""}, {""channel"": ""易车伙伴网单"", ""locked_users"": 5, ""pct"": ""5.7%""}, {""channel"": ""品牌投放-百度购车宝"", ""locked_users"": 5, ""pct"": ""5.7%""}, {""channel"": ""其他"", ""locked_users"": 35, ""pct"": ""39.8%""}]","[{""channel"": ""自然客流"", ""locked_users"": 19, ""pct"": ""28.4%""}, {""channel"": ""新媒体-抖音"", ""locked_users"": 8, ""pct"": ""11.9%""}, {""channel"": ""易车伙伴网单"", ""locked_users"": 6, ""pct"": ""9.0%""}, {""channel"": ""直接大定"", ""locked_users"": 6, ""pct"": ""9.0%""}, {""channel"": ""新媒体-小红书"", ""locked_users"": 3, ""pct"": ""4.5%""}, {""channel"": ""其他"", ""locked_users"": 25, ""pct"": ""37.3%""}]","[{""channel"": ""自然客流"", ""locked_users"": 21, ""pct"": ""33.9%""}, {""channel"": ""直接大定"", ""locked_users"": 8, ""pct"": ""12.9%""}, {""channel"": ""新媒体-抖音"", ""locked_users"": 6, ""pct"": ""9.7%""}, {""channel"": ""懂车帝"", ""locked_users"": 5, ""pct"": ""8.1%""}, {""channel"": ""易车伙伴网单"", ""locked_users"": 5, ""pct"": ""8.1%""}, {""channel"": ""其他"", ""locked_users"": 17, ""pct"": ""27.4%""}]","[{""channel"": ""自然客流"", ""locked_users"": 25, ""pct"": ""39.1%""}, {""channel"": ""新媒体-抖音"", ""locked_users"": 7, ""pct"": ""10.9%""}, {""channel"": ""易车"", ""locked_users"": 4, ""pct"": ""6.2%""}, {""channel"": ""直接大定"", ""locked_users"": 4, ""pct"": ""6.2%""}, {""channel"": ""用户裂变"", ""locked_users"": 3, ""pct"": ""4.7%""}, {""channel"": ""其他"", ""locked_users"": 21, ""pct"": ""32.8%""}]","[{""channel"": ""自然客流"", ""locked_users"": 17, ""pct"": ""43.6%""}, {""channel"": ""新媒体-抖音"", ""locked_users"": 3, ""pct"": ""7.7%""}, {""channel"": ""易车伙伴网单"", ""locked_users"": 2, ""pct"": ""5.1%""}, {""channel"": ""易车伙伴400"", ""locked_users"": 2, ""pct"": ""5.1%""}, {""channel"": ""车主活动推荐"", ""locked_users"": 2, ""pct"": ""5.1%""}, {""channel"": ""其他"", ""locked_users"": 13, ""pct"": ""33.3%""}]","[{""channel"": ""自然客流"", ""locked_users"": 34, ""pct"": ""33.0%""}, {""channel"": ""易车伙伴网单"", ""locked_users"": 9, ""pct"": ""8.7%""}, {""channel"": ""用户裂变"", ""locked_users"": 6, ""pct"": ""5.8%""}, {""channel"": ""新媒体-抖音"", ""locked_users"": 5, ""pct"": ""4.9%""}, {""channel"": ""Popup（门店）"", ""locked_users"": 4, ""pct"": ""3.9%""}, {""channel"": ""其他"", ""locked_users"": 45, ""pct"": ""43.7%""}]","[{""channel"": ""自然客流"", ""locked_users"": 43, ""pct"": ""29.7%""}, {""channel"": ""易车伙伴网单"", ""locked_users"": 15, ""pct"": ""10.3%""}, {""channel"": ""新媒体-抖音"", ""locked_users"": 8, ""pct"": ""5.5%""}, {""channel"": ""易车"", ""locked_users"": 8, ""pct"": ""5.5%""}, {""channel"": ""Popup（门店）"", ""locked_users"": 6, ""pct"": ""4.1%""}, {""channel"": ""其他"", ""locked_users"": 65, ""pct"": ""44.8%""}]","[{""channel"": ""自然客流"", ""locked_users"": 24, ""pct"": ""35.8%""}, {""channel"": ""新媒体-抖音"", ""locked_users"": 9, ""pct"": ""13.4%""}, {""channel"": ""Popup（门店）"", ""locked_users"": 4, ""pct"": ""6.0%""}, {""channel"": ""新媒体-小红书"", ""locked_users"": 4, ""pct"": ""6.0%""}, {""channel"": ""直接大定"", ""locked_users"": 4, ""pct"": ""6.0%""}, {""channel"": ""其他"", ""locked_users"": 22, ""pct"": ""32.8%""}]","[{""channel"": ""自然客流"", ""locked_users"": 19, ""pct"": ""26.4%""}, {""channel"": ""易车伙伴网单"", ""locked_users"": 8, ""pct"": ""11.1%""}, {""channel"": ""新媒体-抖音"", ""locked_users"": 7, ""pct"": ""9.7%""}, {""channel"": ""直接大定"", ""locked_users"": 6, ""pct"": ""8.3%""}, {""channel"": ""新媒体-小红书"", ""locked_users"": 5, ""pct"": ""6.9%""}, {""channel"": ""其他"", ""locked_users"": 27, ""pct"": ""37.5%""}]","[{""channel"": ""自然客流"", ""locked_users"": 2137, ""pct"": ""36.2%""}, {""channel"": ""意向金"", ""locked_users"": 443, ""pct"": ""7.5%""}, {""channel"": ""APP"", ""locked_users"": 291, ""pct"": ""4.9%""}, {""channel"": ""Popup（门店）"", ""locked_users"": 243, ""pct"": ""4.1%""}, {""channel"": ""新媒体-抖音"", ""locked_users"": 238, ""pct"": ""4.0%""}, {""channel"": ""其他"", ""locked_users"": 2545, ""pct"": ""43.2%""}]"
归因分析.锁单用户分类占比（观察口径）,"[{""category"": ""One-Touch (Decisive)"", ""users"": 59, ""pct"": ""58.4%""}, {""category"": ""Hesitant (Same Channel, Multiple Touches)"", ""users"": 0, ""pct"": ""0.0%""}, {""category"": ""Cross-Channel (Comparison Shopper)"", ""users"": 42, ""pct"": ""41.6%""}, {""category"": ""Long Consideration (>14 Days)"", ""users"": 9, ""pct"": ""8.9%""}, {""category"": ""Long Consideration (>14 Days & <60 Days)"", ""users"": 7, ""pct"": ""6.9%""}, {""category"": ""Repeat Lockers (Had Prior Locks)"", ""users"": 1, ""pct"": ""1.0%""}]","[{""category"": ""One-Touch (Decisive)"", ""users"": 86, ""pct"": ""48.3%""}, {""category"": ""Hesitant (Same Channel, Multiple Touches)"", ""users"": 6, ""pct"": ""3.4%""}, {""category"": ""Cross-Channel (Comparison Shopper)"", ""users"": 86, ""pct"": ""48.3%""}, {""category"": ""Long Consideration (>14 Days)"", ""users"": 33, ""pct"": ""18.5%""}, {""category"": ""Long Consideration (>14 Days & <60 Days)"", ""users"": 26, ""pct"": ""14.6%""}, {""category"": ""Repeat Lockers (Had Prior Locks)"", ""users"": 4, ""pct"": ""2.2%""}]","[{""category"": ""One-Touch (Decisive)"", ""users"": 101, ""pct"": ""54.3%""}, {""category"": ""Hesitant (Same Channel, Multiple Touches)"", ""users"": 7, ""pct"": ""3.8%""}, {""category"": ""Cross-Channel (Comparison Shopper)"", ""users"": 78, ""pct"": ""41.9%""}, {""category"": ""Long Consideration (>14 Days)"", ""users"": 26, ""pct"": ""14.0%""}, {""category"": ""Long Consideration (>14 Days & <60 Days)"", ""users"": 23, ""pct"": ""12.4%""}, {""category"": ""Repeat Lockers (Had Prior Locks)"", ""users"": 1, ""pct"": ""0.5%""}]","[{""category"": ""One-Touch (Decisive)"", ""users"": 33, ""pct"": ""40.7%""}, {""category"": ""Hesitant (Same Channel, Multiple Touches)"", ""users"": 4, ""pct"": ""4.9%""}, {""category"": ""Cross-Channel (Comparison Shopper)"", ""users"": 44, ""pct"": ""54.3%""}, {""category"": ""Long Consideration (>14 Days)"", ""users"": 19, ""pct"": ""23.5%""}, {""category"": ""Long Consideration (>14 Days & <60 Days)"", ""users"": 15, ""pct"": ""18.5%""}, {""category"": ""Repeat Lockers (Had Prior Locks)"", ""users"": 1, ""pct"": ""1.2%""}]","[{""category"": ""One-Touch (Decisive)"", ""users"": 45, ""pct"": ""46.4%""}, {""category"": ""Hesitant (Same Channel, Multiple Touches)"", ""users"": 2, ""pct"": ""2.1%""}, {""category"": ""Cross-Channel (Comparison Shopper)"", ""users"": 50, ""pct"": ""51.5%""}, {""category"": ""Long Consideration (>14 Days)"", ""users"": 15, ""pct"": ""15.5%""}, {""category"": ""Long Consideration (>14 Days & <60 Days)"", ""users"": 8, ""pct"": ""8.2%""}, {""category"": ""Repeat Lockers (Had Prior Locks)"", ""users"": 1, ""pct"": ""1.0%""}]","[{""category"": ""One-Touch (Decisive)"", ""users"": 38, ""pct"": ""38.8%""}, {""category"": ""Hesitant (Same Channel, Multiple Touches)"", ""users"": 4, ""pct"": ""4.1%""}, {""category"": ""Cross-Channel (Comparison Shopper)"", ""users"": 56, ""pct"": ""57.1%""}, {""category"": ""Long Consideration (>14 Days)"", ""users"": 20, ""pct"": ""20.4%""}, {""category"": ""Long Consideration (>14 Days & <60 Days)"", ""users"": 12, ""pct"": ""12.2%""}, {""category"": ""Repeat Lockers (Had Prior Locks)"", ""users"": 3, ""pct"": ""3.1%""}]","[{""category"": ""One-Touch (Decisive)"", ""users"": 15, ""pct"": ""25.9%""}, {""category"": ""Hesitant (Same Channel, Multiple Touches)"", ""users"": 2, ""pct"": ""3.4%""}, {""category"": ""Cross-Channel (Comparison Shopper)"", ""users"": 41, ""pct"": ""70.7%""}, {""category"": ""Long Consideration (>14 Days)"", ""users"": 8, ""pct"": ""13.8%""}, {""category"": ""Long Consideration (>14 Days & <60 Days)"", ""users"": 6, ""pct"": ""10.3%""}, {""category"": ""Repeat Lockers (Had Prior Locks)"", ""users"": 0, ""pct"": ""0.0%""}]","[{""category"": ""One-Touch (Decisive)"", ""users"": 28, ""pct"": ""38.4%""}, {""category"": ""Hesitant (Same Channel, Multiple Touches)"", ""users"": 4, ""pct"": ""5.5%""}, {""category"": ""Cross-Channel (Comparison Shopper)"", ""users"": 41, ""pct"": ""56.2%""}, {""category"": ""Long Consideration (>14 Days)"", ""users"": 7, ""pct"": ""9.6%""}, {""category"": ""Long Consideration (>14 Days & <60 Days)"", ""users"": 7, ""pct"": ""9.6%""}, {""category"": ""Repeat Lockers (Had Prior Locks)"", ""users"": 2, ""pct"": ""2.7%""}]","[{""category"": ""One-Touch (Decisive)"", ""users"": 81, ""pct"": ""57.0%""}, {""category"": ""Hesitant (Same Channel, Multiple Touches)"", ""users"": 5, ""pct"": ""3.5%""}, {""category"": ""Cross-Channel (Comparison Shopper)"", ""users"": 56, ""pct"": ""39.4%""}, {""category"": ""Long Consideration (>14 Days)"", ""users"": 20, ""pct"": ""14.1%""}, {""category"": ""Long Consideration (>14 Days & <60 Days)"", ""users"": 16, ""pct"": ""11.3%""}, {""category"": ""Repeat Lockers (Had Prior Locks)"", ""users"": 3, ""pct"": ""2.1%""}]","[{""category"": ""One-Touch (Decisive)"", ""users"": 62, ""pct"": ""45.9%""}, {""category"": ""Hesitant (Same Channel, Multiple Touches)"", ""users"": 6, ""pct"": ""4.4%""}, {""category"": ""Cross-Channel (Comparison Shopper)"", ""users"": 67, ""pct"": ""49.6%""}, {""category"": ""Long Consideration (>14 Days)"", ""users"": 20, ""pct"": ""14.8%""}, {""category"": ""Long Consideration (>14 Days & <60 Days)"", ""users"": 15, ""pct"": ""11.1%""}, {""category"": ""Repeat Lockers (Had Prior Locks)"", ""users"": 3, ""pct"": ""2.2%""}]","[{""category"": ""One-Touch (Decisive)"", ""users"": 29, ""pct"": ""40.8%""}, {""category"": ""Hesitant (Same Channel, Multiple Touches)"", ""users"": 4, ""pct"": ""5.6%""}, {""category"": ""Cross-Channel (Comparison Shopper)"", ""users"": 38, ""pct"": ""53.5%""}, {""category"": ""Long Consideration (>14 Days)"", ""users"": 11, ""pct"": ""15.5%""}, {""category"": ""Long Consideration (>14 Days & <60 Days)"", ""users"": 9, ""pct"": ""12.7%""}, {""category"": ""Repeat Lockers (Had Prior Locks)"", ""users"": 6, ""pct"": ""8.5%""}]","[{""category"": ""One-Touch (Decisive)"", ""users"": 37, ""pct"": ""43.5%""}, {""category"": ""Hesitant (Same Channel, Multiple Touches)"", ""users"": 2, ""pct"": ""2.4%""}, {""category"": ""Cross-Channel (Comparison Shopper)"", ""users"": 46, ""pct"": ""54.1%""}, {""category"": ""Long Consideration (>14 Days)"", ""users"": 7, ""pct"": ""8.2%""}, {""category"": ""Long Consideration (>14 Days & <60 Days)"", ""users"": 7, ""pct"": ""8.2%""}, {""category"": ""Repeat Lockers (Had Prior Locks)"", ""users"": 1, ""pct"": ""1.2%""}]","[{""category"": ""One-Touch (Decisive)"", ""users"": 28, ""pct"": ""44.4%""}, {""category"": ""Hesitant (Same Channel, Multiple Touches)"", ""users"": 1, ""pct"": ""1.6%""}, {""category"": ""Cross-Channel (Comparison Shopper)"", ""users"": 34, ""pct"": ""54.0%""}, {""category"": ""Long Consideration (>14 Days)"", ""users"": 10, ""pct"": ""15.9%""}, {""category"": ""Long Consideration (>14 Days & <60 Days)"", ""users"": 6, ""pct"": ""9.5%""}, {""category"": ""Repeat Lockers (Had Prior Locks)"", ""users"": 1, ""pct"": ""1.6%""}]","[{""category"": ""One-Touch (Decisive)"", ""users"": 26, ""pct"": ""48.1%""}, {""category"": ""Hesitant (Same Channel, Multiple Touches)"", ""users"": 3, ""pct"": ""5.6%""}, {""category"": ""Cross-Channel (Comparison Shopper)"", ""users"": 25, ""pct"": ""46.3%""}, {""category"": ""Long Consideration (>14 Days)"", ""users"": 8, ""pct"": ""14.8%""}, {""category"": ""Long Consideration (>14 Days & <60 Days)"", ""users"": 7, ""pct"": ""13.0%""}, {""category"": ""Repeat Lockers (Had Prior Locks)"", ""users"": 1, ""pct"": ""1.9%""}]","[{""category"": ""One-Touch (Decisive)"", ""users"": 36, ""pct"": ""46.2%""}, {""category"": ""Hesitant (Same Channel, Multiple Touches)"", ""users"": 2, ""pct"": ""2.6%""}, {""category"": ""Cross-Channel (Comparison Shopper)"", ""users"": 40, ""pct"": ""51.3%""}, {""category"": ""Long Consideration (>14 Days)"", ""users"": 11, ""pct"": ""14.1%""}, {""category"": ""Long Consideration (>14 Days & <60 Days)"", ""users"": 8, ""pct"": ""10.3%""}, {""category"": ""Repeat Lockers (Had Prior Locks)"", ""users"": 10, ""pct"": ""12.8%""}]","[{""category"": ""One-Touch (Decisive)"", ""users"": 73, ""pct"": ""56.6%""}, {""category"": ""Hesitant (Same Channel, Multiple Touches)"", ""users"": 4, ""pct"": ""3.1%""}, {""category"": ""Cross-Channel (Comparison Shopper)"", ""users"": 52, ""pct"": ""40.3%""}, {""category"": ""Long Consideration (>14 Days)"", ""users"": 18, ""pct"": ""14.0%""}, {""category"": ""Long Consideration (>14 Days & <60 Days)"", ""users"": 10, ""pct"": ""7.8%""}, {""category"": ""Repeat Lockers (Had Prior Locks)"", ""users"": 1, ""pct"": ""0.8%""}]","[{""category"": ""One-Touch (Decisive)"", ""users"": 71, ""pct"": ""52.2%""}, {""category"": ""Hesitant (Same Channel, Multiple Touches)"", ""users"": 2, ""pct"": ""1.5%""}, {""category"": ""Cross-Channel (Comparison Shopper)"", ""users"": 63, ""pct"": ""46.3%""}, {""category"": ""Long Consideration (>14 Days)"", ""users"": 26, ""pct"": ""19.1%""}, {""category"": ""Long Consideration (>14 Days & <60 Days)"", ""users"": 20, ""pct"": ""14.7%""}, {""category"": ""Repeat Lockers (Had Prior Locks)"", ""users"": 4, ""pct"": ""2.9%""}]","[{""category"": ""One-Touch (Decisive)"", ""users"": 41, ""pct"": ""46.6%""}, {""category"": ""Hesitant (Same Channel, Multiple Touches)"", ""users"": 3, ""pct"": ""3.4%""}, {""category"": ""Cross-Channel (Comparison Shopper)"", ""users"": 44, ""pct"": ""50.0%""}, {""category"": ""Long Consideration (>14 Days)"", ""users"": 14, ""pct"": ""15.9%""}, {""category"": ""Long Consideration (>14 Days & <60 Days)"", ""users"": 12, ""pct"": ""13.6%""}, {""category"": ""Repeat Lockers (Had Prior Locks)"", ""users"": 2, ""pct"": ""2.3%""}]","[{""category"": ""One-Touch (Decisive)"", ""users"": 30, ""pct"": ""44.8%""}, {""category"": ""Hesitant (Same Channel, Multiple Touches)"", ""users"": 3, ""pct"": ""4.5%""}, {""category"": ""Cross-Channel (Comparison Shopper)"", ""users"": 34, ""pct"": ""50.7%""}, {""category"": ""Long Consideration (>14 Days)"", ""users"": 7, ""pct"": ""10.4%""}, {""category"": ""Long Consideration (>14 Days & <60 Days)"", ""users"": 7, ""pct"": ""10.4%""}, {""category"": ""Repeat Lockers (Had Prior Locks)"", ""users"": 1, ""pct"": ""1.5%""}]","[{""category"": ""One-Touch (Decisive)"", ""users"": 24, ""pct"": ""38.7%""}, {""category"": ""Hesitant (Same Channel, Multiple Touches)"", ""users"": 0, ""pct"": ""0.0%""}, {""category"": ""Cross-Channel (Comparison Shopper)"", ""users"": 38, ""pct"": ""61.3%""}, {""category"": ""Long Consideration (>14 Days)"", ""users"": 9, ""pct"": ""14.5%""}, {""category"": ""Long Consideration (>14 Days & <60 Days)"", ""users"": 6, ""pct"": ""9.7%""}, {""category"": ""Repeat Lockers (Had Prior Locks)"", ""users"": 6, ""pct"": ""9.7%""}]","[{""category"": ""One-Touch (Decisive)"", ""users"": 28, ""pct"": ""43.8%""}, {""category"": ""Hesitant (Same Channel, Multiple Touches)"", ""users"": 0, ""pct"": ""0.0%""}, {""category"": ""Cross-Channel (Comparison Shopper)"", ""users"": 36, ""pct"": ""56.2%""}, {""category"": ""Long Consideration (>14 Days)"", ""users"": 10, ""pct"": ""15.6%""}, {""category"": ""Long Consideration (>14 Days & <60 Days)"", ""users"": 6, ""pct"": ""9.4%""}, {""category"": ""Repeat Lockers (Had Prior Locks)"", ""users"": 3, ""pct"": ""4.7%""}]","[{""category"": ""One-Touch (Decisive)"", ""users"": 11, ""pct"": ""28.2%""}, {""category"": ""Hesitant (Same Channel, Multiple Touches)"", ""users"": 2, ""pct"": ""5.1%""}, {""category"": ""Cross-Channel (Comparison Shopper)"", ""users"": 26, ""pct"": ""66.7%""}, {""category"": ""Long Consideration (>14 Days)"", ""users"": 9, ""pct"": ""23.1%""}, {""category"": ""Long Consideration (>14 Days & <60 Days)"", ""users"": 8, ""pct"": ""20.5%""}, {""category"": ""Repeat Lockers (Had Prior Locks)"", ""users"": 0, ""pct"": ""0.0%""}]","[{""category"": ""One-Touch (Decisive)"", ""users"": 55, ""pct"": ""53.4%""}, {""category"": ""Hesitant (Same Channel, Multiple Touches)"", ""users"": 5, ""pct"": ""4.9%""}, {""category"": ""Cross-Channel (Comparison Shopper)"", ""users"": 43, ""pct"": ""41.7%""}, {""category"": ""Long Consideration (>14 Days)"", ""users"": 16, ""pct"": ""15.5%""}, {""category"": ""Long Consideration (>14 Days & <60 Days)"", ""users"": 15, ""pct"": ""14.6%""}, {""category"": ""Repeat Lockers (Had Prior Locks)"", ""users"": 2, ""pct"": ""1.9%""}]","[{""category"": ""One-Touch (Decisive)"", ""users"": 74, ""pct"": ""51.0%""}, {""category"": ""Hesitant (Same Channel, Multiple Touches)"", ""users"": 2, ""pct"": ""1.4%""}, {""category"": ""Cross-Channel (Comparison Shopper)"", ""users"": 69, ""pct"": ""47.6%""}, {""category"": ""Long Consideration (>14 Days)"", ""users"": 25, ""pct"": ""17.2%""}, {""category"": ""Long Consideration (>14 Days & <60 Days)"", ""users"": 17, ""pct"": ""11.7%""}, {""category"": ""Repeat Lockers (Had Prior Locks)"", ""users"": 0, ""pct"": ""0.0%""}]","[{""category"": ""One-Touch (Decisive)"", ""users"": 29, ""pct"": ""43.3%""}, {""category"": ""Hesitant (Same Channel, Multiple Touches)"", ""users"": 1, ""pct"": ""1.5%""}, {""category"": ""Cross-Channel (Comparison Shopper)"", ""users"": 37, ""pct"": ""55.2%""}, {""category"": ""Long Consideration (>14 Days)"", ""users"": 8, ""pct"": ""11.9%""}, {""category"": ""Long Consideration (>14 Days & <60 Days)"", ""users"": 6, ""pct"": ""9.0%""}, {""category"": ""Repeat Lockers (Had Prior Locks)"", ""users"": 2, ""pct"": ""3.0%""}]","[{""category"": ""One-Touch (Decisive)"", ""users"": 25, ""pct"": ""34.7%""}, {""category"": ""Hesitant (Same Channel, Multiple Touches)"", ""users"": 4, ""pct"": ""5.6%""}, {""category"": ""Cross-Channel (Comparison Shopper)"", ""users"": 43, ""pct"": ""59.7%""}, {""category"": ""Long Consideration (>14 Days)"", ""users"": 10, ""pct"": ""13.9%""}, {""category"": ""Long Consideration (>14 Days & <60 Days)"", ""users"": 7, ""pct"": ""9.7%""}, {""category"": ""Repeat Lockers (Had Prior Locks)"", ""users"": 10, ""pct"": ""13.9%""}]","[{""category"": ""One-Touch (Decisive)"", ""users"": 2532, ""pct"": ""42.9%""}, {""category"": ""Hesitant (Same Channel, Multiple Touches)"", ""users"": 225, ""pct"": ""3.8%""}, {""category"": ""Cross-Channel (Comparison Shopper)"", ""users"": 3140, ""pct"": ""53.2%""}, {""category"": ""Long Consideration (>14 Days)"", ""users"": 3479, ""pct"": ""59.0%""}, {""category"": ""Long Consideration (>14 Days & <60 Days)"", ""users"": 3102, ""pct"": ""52.6%""}, {""category"": ""Repeat Lockers (Had Prior Locks)"", ""users"": 168, ""pct"": ""2.8%""}]"
归因分析.跨渠道锁单用户主要助攻渠道Top5,"[{""assist_channel"": ""新媒体-抖音"", ""assist_touches"": 17, ""pct"": ""20.0%""}, {""assist_channel"": ""自然客流"", ""assist_touches"": 12, ""pct"": ""14.1%""}, {""assist_channel"": ""抖音-矩阵"", ""assist_touches"": 9, ""pct"": ""10.6%""}, {""assist_channel"": ""新媒体-小红书"", ""assist_touches"": 5, ""pct"": ""5.9%""}, {""assist_channel"": ""直播基地-N个点子"", ""assist_touches"": 4, ""pct"": ""4.7%""}]","[{""assist_channel"": ""易车伙伴网单"", ""assist_touches"": 22, ""pct"": ""10.9%""}, {""assist_channel"": ""自然客流"", ""assist_touches"": 16, ""pct"": ""7.9%""}, {""assist_channel"": ""懂车帝卖车通"", ""assist_touches"": 15, ""pct"": ""7.4%""}, {""assist_channel"": ""抖音-矩阵"", ""assist_touches"": 15, ""pct"": ""7.4%""}, {""assist_channel"": ""APP"", ""assist_touches"": 12, ""pct"": ""5.9%""}]","[{""assist_channel"": ""新媒体-抖音"", ""assist_touches"": 19, ""pct"": ""11.4%""}, {""assist_channel"": ""自然客流"", ""assist_touches"": 18, ""pct"": ""10.8%""}, {""assist_channel"": ""易车伙伴网单"", ""assist_touches"": 17, ""pct"": ""10.2%""}, {""assist_channel"": ""抖音-矩阵"", ""assist_touches"": 9, ""pct"": ""5.4%""}, {""assist_channel"": ""汽车之家车商汇"", ""assist_touches"": 9, ""pct"": ""5.4%""}]","[{""assist_channel"": ""懂车帝卖车通"", ""assist_touches"": 18, ""pct"": ""13.8%""}, {""assist_channel"": ""易车伙伴网单"", ""assist_touches"": 14, ""pct"": ""10.8%""}, {""assist_channel"": ""自然客流"", ""assist_touches"": 14, ""pct"": ""10.8%""}, {""assist_channel"": ""抖音-矩阵"", ""assist_touches"": 12, ""pct"": ""9.2%""}, {""assist_channel"": ""心愿单"", ""assist_touches"": 8, ""pct"": ""6.2%""}]","[{""assist_channel"": ""自然客流"", ""assist_touches"": 11, ""pct"": ""9.6%""}, {""assist_channel"": ""抖音-矩阵"", ""assist_touches"": 10, ""pct"": ""8.8%""}, {""assist_channel"": ""新媒体-抖音"", ""assist_touches"": 7, ""pct"": ""6.1%""}, {""assist_channel"": ""易车伙伴网单"", ""assist_touches"": 5, ""pct"": ""4.4%""}, {""assist_channel"": ""汽车之家车商汇"", ""assist_touches"": 5, ""pct"": ""4.4%""}]","[{""assist_channel"": ""自然客流"", ""assist_touches"": 11, ""pct"": ""7.9%""}, {""assist_channel"": ""汽车之家车商汇"", ""assist_touches"": 11, ""pct"": ""7.9%""}, {""assist_channel"": ""易车伙伴网单"", ""assist_touches"": 11, ""pct"": ""7.9%""}, {""assist_channel"": ""APP"", ""assist_touches"": 8, ""pct"": ""5.7%""}, {""assist_channel"": ""新媒体-抖音"", ""assist_touches"": 7, ""pct"": ""5.0%""}]","[{""assist_channel"": ""自然客流"", ""assist_touches"": 14, ""pct"": ""15.4%""}, {""assist_channel"": ""新媒体-抖音"", ""assist_touches"": 12, ""pct"": ""13.2%""}, {""assist_channel"": ""易车伙伴网单"", ""assist_touches"": 6, ""pct"": ""6.6%""}, {""assist_channel"": ""抖音-矩阵"", ""assist_touches"": 5, ""pct"": ""5.5%""}, {""assist_channel"": ""懂车帝卖车通"", ""assist_touches"": 4, ""pct"": ""4.4%""}]","[{""assist_channel"": ""汽车之家车商汇"", ""assist_touches"": 15, ""pct"": ""14.3%""}, {""assist_channel"": ""易车伙伴网单"", ""assist_touches"": 10, ""pct"": ""9.5%""}, {""assist_channel"": ""抖音-矩阵"", ""assist_touches"": 9, ""pct"": ""8.6%""}, {""assist_channel"": ""自然客流"", ""assist_touches"": 8, ""pct"": ""7.6%""}, {""assist_channel"": ""心愿单"", ""assist_touches"": 7, ""pct"": ""6.7%""}]","[{""assist_channel"": ""自然客流"", ""assist_touches"": 12, ""pct"": ""9.5%""}, {""assist_channel"": ""懂车帝卖车通"", ""assist_touches"": 10, ""pct"": ""7.9%""}, {""assist_channel"": ""抖音-矩阵"", ""assist_touches"": 9, ""pct"": ""7.1%""}, {""assist_channel"": ""战败激活"", ""assist_touches"": 9, ""pct"": ""7.1%""}, {""assist_channel"": ""心愿单"", ""assist_touches"": 9, ""pct"": ""7.1%""}]","[{""assist_channel"": ""自然客流"", ""assist_touches"": 13, ""pct"": ""10.2%""}, {""assist_channel"": ""抖音-矩阵"", ""assist_touches"": 10, ""pct"": ""7.9%""}, {""assist_channel"": ""新媒体-抖音"", ""assist_touches"": 9, ""pct"": ""7.1%""}, {""assist_channel"": ""易车伙伴网单"", ""assist_touches"": 9, ""pct"": ""7.1%""}, {""assist_channel"": ""心愿单"", ""assist_touches"": 7, ""pct"": ""5.5%""}]","[{""assist_channel"": ""自然客流"", ""assist_touches"": 14, ""pct"": ""14.7%""}, {""assist_channel"": ""心愿单"", ""assist_touches"": 10, ""pct"": ""10.5%""}, {""assist_channel"": ""汽车之家车商汇"", ""assist_touches"": 7, ""pct"": ""7.4%""}, {""assist_channel"": ""抖音-矩阵"", ""assist_touches"": 6, ""pct"": ""6.3%""}, {""assist_channel"": ""APP-试乘试驾"", ""assist_touches"": 6, ""pct"": ""6.3%""}]","[{""assist_channel"": ""懂车帝卖车通"", ""assist_touches"": 13, ""pct"": ""12.6%""}, {""assist_channel"": ""抖音-矩阵"", ""assist_touches"": 11, ""pct"": ""10.7%""}, {""assist_channel"": ""易车伙伴网单"", ""assist_touches"": 10, ""pct"": ""9.7%""}, {""assist_channel"": ""自然客流"", ""assist_touches"": 8, ""pct"": ""7.8%""}, {""assist_channel"": ""汽车之家车商汇"", ""assist_touches"": 5, ""pct"": ""4.9%""}]","[{""assist_channel"": ""新媒体-抖音"", ""assist_touches"": 4, ""pct"": ""7.3%""}, {""assist_channel"": ""抖音-矩阵"", ""assist_touches"": 4, ""pct"": ""7.3%""}, {""assist_channel"": ""用户裂变"", ""assist_touches"": 4, ""pct"": ""7.3%""}, {""assist_channel"": ""战败激活"", ""assist_touches"": 3, ""pct"": ""5.5%""}, {""assist_channel"": ""懂车帝卖车通"", ""assist_touches"": 3, ""pct"": ""5.5%""}]","[{""assist_channel"": ""懂车帝卖车通"", ""assist_touches"": 11, ""pct"": ""16.2%""}, {""assist_channel"": ""自然客流"", ""assist_touches"": 8, ""pct"": ""11.8%""}, {""assist_channel"": ""抖音-矩阵"", ""assist_touches"": 8, ""pct"": ""11.8%""}, {""assist_channel"": ""心愿单"", ""assist_touches"": 6, ""pct"": ""8.8%""}, {""assist_channel"": ""小程序留资"", ""assist_touches"": 5, ""pct"": ""7.4%""}]","[{""assist_channel"": ""自然客流"", ""assist_touches"": 24, ""pct"": ""13.6%""}, {""assist_channel"": ""APP-试乘试驾"", ""assist_touches"": 24, ""pct"": ""13.6%""}, {""assist_channel"": ""抖音-矩阵"", ""assist_touches"": 12, ""pct"": ""6.8%""}, {""assist_channel"": ""直接大定"", ""assist_touches"": 10, ""pct"": ""5.7%""}, {""assist_channel"": ""微信小程序-试乘试驾"", ""assist_touches"": 8, ""pct"": ""4.5%""}]","[{""assist_channel"": ""自然客流"", ""assist_touches"": 15, ""pct"": ""12.9%""}, {""assist_channel"": ""易车伙伴网单"", ""assist_touches"": 12, ""pct"": ""10.3%""}, {""assist_channel"": ""懂车帝卖车通"", ""assist_touches"": 9, ""pct"": ""7.8%""}, {""assist_channel"": ""心愿单"", ""assist_touches"": 7, ""pct"": ""6.0%""}, {""assist_channel"": ""抖音-矩阵"", ""assist_touches"": 6, ""pct"": ""5.2%""}]","[{""assist_channel"": ""自然客流"", ""assist_touches"": 24, ""pct"": ""14.8%""}, {""assist_channel"": ""懂车帝卖车通"", ""assist_touches"": 14, ""pct"": ""8.6%""}, {""assist_channel"": ""抖音-矩阵"", ""assist_touches"": 12, ""pct"": ""7.4%""}, {""assist_channel"": ""心愿单"", ""assist_touches"": 12, ""pct"": ""7.4%""}, {""assist_channel"": ""APP"", ""assist_touches"": 10, ""pct"": ""6.2%""}]","[{""assist_channel"": ""APP"", ""assist_touches"": 9, ""pct"": ""8.6%""}, {""assist_channel"": ""抖音-矩阵"", ""assist_touches"": 9, ""pct"": ""8.6%""}, {""assist_channel"": ""自然客流"", ""assist_touches"": 9, ""pct"": ""8.6%""}, {""assist_channel"": ""易车伙伴网单"", ""assist_touches"": 8, ""pct"": ""7.6%""}, {""assist_channel"": ""APP行为激活"", ""assist_touches"": 6, ""pct"": ""5.7%""}]","[{""assist_channel"": ""心愿单"", ""assist_touches"": 13, ""pct"": ""13.7%""}, {""assist_channel"": ""自然客流"", ""assist_touches"": 11, ""pct"": ""11.6%""}, {""assist_channel"": ""战败激活"", ""assist_touches"": 9, ""pct"": ""9.5%""}, {""assist_channel"": ""APP"", ""assist_touches"": 6, ""pct"": ""6.3%""}, {""assist_channel"": ""易车伙伴网单"", ""assist_touches"": 6, ""pct"": ""6.3%""}]","[{""assist_channel"": ""自然客流"", ""assist_touches"": 17, ""pct"": ""14.0%""}, {""assist_channel"": ""心愿单"", ""assist_touches"": 14, ""pct"": ""11.6%""}, {""assist_channel"": ""易车伙伴网单"", ""assist_touches"": 11, ""pct"": ""9.1%""}, {""assist_channel"": ""APP"", ""assist_touches"": 8, ""pct"": ""6.6%""}, {""assist_channel"": ""懂车帝卖车通"", ""assist_touches"": 6, ""pct"": ""5.0%""}]","[{""assist_channel"": ""汽车之家车商汇"", ""assist_touches"": 11, ""pct"": ""11.2%""}, {""assist_channel"": ""自然客流"", ""assist_touches"": 9, ""pct"": ""9.2%""}, {""assist_channel"": ""心愿单"", ""assist_touches"": 8, ""pct"": ""8.2%""}, {""assist_channel"": ""抖音-矩阵"", ""assist_touches"": 7, ""pct"": ""7.1%""}, {""assist_channel"": ""APP"", ""assist_touches"": 6, ""pct"": ""6.1%""}]","[{""assist_channel"": ""自然客流"", ""assist_touches"": 10, ""pct"": ""18.9%""}, {""assist_channel"": ""心愿单"", ""assist_touches"": 8, ""pct"": ""15.1%""}, {""assist_channel"": ""懂车帝卖车通"", ""assist_touches"": 6, ""pct"": ""11.3%""}, {""assist_channel"": ""APP"", ""assist_touches"": 4, ""pct"": ""7.5%""}, {""assist_channel"": ""懂车帝"", ""assist_touches"": 4, ""pct"": ""7.5%""}]","[{""assist_channel"": ""自然客流"", ""assist_touches"": 13, ""pct"": ""12.3%""}, {""assist_channel"": ""懂车帝卖车通"", ""assist_touches"": 11, ""pct"": ""10.4%""}, {""assist_channel"": ""抖音-矩阵"", ""assist_touches"": 9, ""pct"": ""8.5%""}, {""assist_channel"": ""APP行为激活"", ""assist_touches"": 8, ""pct"": ""7.5%""}, {""assist_channel"": ""汽车之家车商汇"", ""assist_touches"": 7, ""pct"": ""6.6%""}]","[{""assist_channel"": ""自然客流"", ""assist_touches"": 19, ""pct"": ""13.9%""}, {""assist_channel"": ""懂车帝卖车通"", ""assist_touches"": 10, ""pct"": ""7.3%""}, {""assist_channel"": ""易车伙伴网单"", ""assist_touches"": 8, ""pct"": ""5.8%""}, {""assist_channel"": ""抖音-矩阵"", ""assist_touches"": 7, ""pct"": ""5.1%""}, {""assist_channel"": ""APP"", ""assist_touches"": 6, ""pct"": ""4.4%""}]","[{""assist_channel"": ""APP"", ""assist_touches"": 7, ""pct"": ""9.3%""}, {""assist_channel"": ""汽车之家车商汇"", ""assist_touches"": 7, ""pct"": ""9.3%""}, {""assist_channel"": ""自然客流"", ""assist_touches"": 7, ""pct"": ""9.3%""}, {""assist_channel"": ""战败激活"", ""assist_touches"": 6, ""pct"": ""8.0%""}, {""assist_channel"": ""懂车帝卖车通"", ""assist_touches"": 5, ""pct"": ""6.7%""}]","[{""assist_channel"": ""自然客流"", ""assist_touches"": 24, ""pct"": ""15.7%""}, {""assist_channel"": ""心愿单"", ""assist_touches"": 10, ""pct"": ""6.5%""}, {""assist_channel"": ""APP-试乘试驾"", ""assist_touches"": 7, ""pct"": ""4.6%""}, {""assist_channel"": ""抖音-矩阵"", ""assist_touches"": 6, ""pct"": ""3.9%""}, {""assist_channel"": ""新媒体-抖音"", ""assist_touches"": 6, ""pct"": ""3.9%""}]","[{""assist_channel"": ""自然客流"", ""assist_touches"": 721, ""pct"": ""10.1%""}, {""assist_channel"": ""抖音-矩阵"", ""assist_touches"": 466, ""pct"": ""6.5%""}, {""assist_channel"": ""心愿单"", ""assist_touches"": 452, ""pct"": ""6.4%""}, {""assist_channel"": ""APP"", ""assist_touches"": 380, ""pct"": ""5.3%""}, {""assist_channel"": ""新媒体-抖音"", ""assist_touches"": 334, ""pct"": ""4.7%""}]"
下发线索转化率.下发线索数,22269,26574,25577,20059,19928,20926,19905,19331,21086,20632,17646,18407,18663,18683,19716,20868,20597,16905,16965,16407,16984,18553,21444,20301,16304,20008,27036
下发线索转化率.下发线索数 (门店),3157,4001,3987,2111,1809,1797,1869,2126,3235,3217,1754,1703,1733,1813,2056,3077,3218,1676,1698,1678,1664,1972,3385,3308,1834,2937,3399
下发线索转化率.下发线索数（直播）,4335,2973,1340,2274,2775,2645,2898,2416,3286,2034,2284,2473,2654,2945,3243,2231,2114,2358,2252,2539,2814,2610,2689,2744,2468,2690,4067
下发线索转化率.下发线索数（平台),6592,9030,7066,7057,6714,6579,7202,6259,6151,6263,6507,6174,6820,6217,6906,6802,5862,5267,5769,5837,5712,6090,6682,6203,5741,6587,8453
下发线索转化率.下发线索当日试驾数,363,800,776,327,305,293,305,321,670,710,281,295,329,350,485,1024,999,572,577,575,595,723,1496,1458,614,656,678
下发线索转化率.下发 (门店)线索当日锁单数,28,44,53,20,23,21,20,21,39,40,13,29,20,10,18,29,35,17,12,18,16,10,27,42,17,15,156
下发线索转化率.下发线索 7 日锁单数,133,119,135,61,86,83,72,61,103,122,70,93,64,61,59,84,102,54,49,62,158,232,422,498,337,612,936
下发线索转化率.下发线索 30 日锁单数,797,740,633,306,310,302,330,262,474,471,277,290,288,261,360,542,548,296,317,302,297,400,691,742,594,1935,2483
下发线索转化率.下发门店数,415,415,415,407,405,406,408,406,411,410,410,411,396,405,411,406,413,411,402,405,413,419,415,418,415,415,422
下发线索转化率.门店线索占比,14.2%,15.1%,15.6%,10.5%,9.1%,8.6%,9.4%,11.0%,15.3%,15.6%,9.9%,9.3%,9.3%,9.7%,10.4%,14.7%,15.6%,9.9%,10.0%,10.2%,9.8%,10.6%,15.8%,16.3%,11.2%,14.7%,12.6%
下发线索转化率.下发线索当日试驾率,1.6%,3.0%,3.0%,1.6%,1.5%,1.4%,1.5%,1.7%,3.2%,3.4%,1.6%,1.6%,1.8%,1.9%,2.5%,4.9%,4.9%,3.4%,3.4%,3.5%,3.5%,3.9%,7.0%,7.2%,3.8%,3.3%,2.5%
下发线索转化率.下发 (门店)线索当日锁单率,0.9%,1.1%,1.3%,0.9%,1.3%,1.2%,1.1%,1.0%,1.2%,1.2%,0.7%,1.7%,1.2%,0.6%,0.9%,0.9%,1.1%,1.0%,0.7%,1.1%,1.0%,0.5%,0.8%,1.3%,0.9%,0.5%,4.6%
下发线索转化率.下发线索当7日锁单率,0.6%,0.4%,0.5%,0.3%,0.4%,0.4%,0.4%,0.3%,0.5%,0.6%,0.4%,0.5%,0.3%,0.3%,0.3%,0.4%,0.5%,0.3%,0.3%,0.4%,0.9%,1.3%,2.0%,2.5%,2.1%,3.1%,3.5%
下发线索转化率.下发线索当30日锁单率,3.6%,2.8%,2.5%,1.5%,1.6%,1.4%,1.7%,1.4%,2.2%,2.3%,1.6%,1.6%,1.5%,1.4%,1.8%,2.6%,2.7%,1.8%,1.9%,1.8%,1.7%,2.2%,3.2%,3.7%,3.6%,9.7%,9.2%
下发线索转化率.下发线索数（门店)7日锁单率,1.3%,1.3%,1.6%,1.4%,1.4%,1.6%,1.3%,1.2%,1.4%,1.5%,1.1%,2.1%,1.6%,0.9%,1.2%,1.0%,1.4%,1.2%,0.9%,1.5%,4.1%,4.6%,6.3%,7.3%,7.1%,8.4%,9.8%
下发线索转化率.下发线索数（直播)7日锁单率,0.1%,0.0%,0.1%,0.1%,0.0%,0.1%,0.0%,0.1%,0.0%,0.1%,0.0%,0.0%,0.0%,0.0%,0.0%,0.0%,0.0%,0.0%,0.0%,0.1%,0.2%,0.2%,0.4%,0.5%,0.6%,0.3%,0.8%
下发线索转化率.下发线索数（平台)7日锁单率,0.4%,0.4%,0.4%,0.3%,0.4%,0.4%,0.2%,0.2%,0.5%,0.4%,0.4%,0.4%,0.3%,0.2%,0.2%,0.4%,0.6%,0.3%,0.3%,0.3%,0.6%,0.9%,1.0%,1.4%,0.9%,1.8%,1.4%
下发线索转化率.下发线索数（门店)30日锁单率,7.6%,6.6%,6.4%,4.6%,5.1%,5.5%,5.6%,5.1%,6.4%,5.6%,6.2%,5.8%,5.2%,5.2%,7.6%,7.1%,7.0%,6.0%,6.8%,7.2%,6.8%,8.1%,9.9%,10.4%,11.5%,23.7%,25.3%
下发线索转化率.下发线索数（直播)30日锁单率,1.0%,1.4%,2.4%,0.8%,0.9%,0.6%,0.6%,0.5%,0.5%,0.6%,0.6%,0.2%,0.6%,0.3%,0.4%,0.9%,0.7%,0.5%,0.4%,0.3%,0.6%,0.5%,1.0%,0.8%,0.8%,0.6%,1.2%
下发线索转化率.下发线索数（平台)30日锁单率,1.8%,1.4%,1.4%,0.9%,1.1%,1.1%,1.0%,0.8%,1.6%,1.2%,1.0%,1.0%,1.0%,0.6%,0.9%,1.4%,1.4%,1.1%,1.2%,1.1%,1.0%,1.3%,1.4%,2.0%,1.8%,4.9%,4.1%
下发线索转化率.下发 (门店)线索当日锁单数_字段来源,下发线索当日锁单数 (门店),下发线索当日锁单数 (门店),下发线索当日锁单数 (门店),下发线索当日锁单数 (门店),下发线索当日锁单数 (门店),下发线索当日锁单数 (门店),下发线索当日锁单数 (门店),下发线索当日锁单数 (门店),下发线索当日锁单数 (门店),下发线索当日锁单数 (门店),下发线索当日锁单数 (门店),下发线索当日锁单数 (门店),下发线索当日锁单数 (门店),下发线索当日锁单数 (门店),下发线索当日锁单数 (门店),下发线索当日锁单数 (门店),下发线索当日锁单数 (门店),下发线索当日锁单数 (门店),下发线索当日锁单数 (门店),下发线索当日锁单数 (门店),下发线索当日锁单数 (门店),下发线索当日锁单数 (门店),下发线索当日锁单数 (门店),下发线索当日锁单数 (门店),下发线索当日锁单数 (门店),下发线索当日锁单数 (门店),下发线索当日锁单数 (门店)
试驾分析.有效试驾数,773,1323,1275,635,670,602,734,818,1205,1210,670,879,1167,1537,2184,2552,2562,2046,1752,1406,1034,2477,2978,2797,1554,1501,1439
