metric,2025-04-18,2025-04-19,2025-04-20,2025-04-21,2025-04-22,2025-04-23,2025-04-24,2025-04-25,2025-04-26,2025-04-27,2025-04-28,2025-04-29,2025-04-30,2025-05-01,2025-05-02,2025-05-03,2025-05-04,2025-05-05,2025-05-06,2025-05-07,2025-05-08,2025-05-09,2025-05-10,2025-05-11,2025-05-12,2025-05-13
订单表.锁单数,58,170,212,93,93,101,105,79,211,141,103,129,133,214,174,163,200,419,41,28,45,33,83,110,49,1427
订单表.锁单人数,58,168,212,93,92,101,105,79,211,140,103,129,132,214,173,163,197,418,41,26,45,31,83,109,48,1407
订单表.锁单人数（order_type != 试驾车）,58,168,211,93,91,101,104,79,211,140,101,129,129,213,173,162,194,418,37,24,38,29,82,109,45,1407
订单表.开票数,158,62,30,136,166,172,180,204,76,163,219,185,212,22,28,23,25,33,143,127,132,112,58,24,106,102
订单表.锁单退订数,10,21,38,16,8,12,13,17,34,25,14,25,21,48,35,35,40,110,12,6,11,5,20,24,12,266
订单表.留存锁单数,48,149,174,77,85,89,92,62,177,116,89,104,112,166,139,128,160,309,29,22,34,28,63,86,37,1161
订单表.在营门店数,337,336,338,338,338,338,337,340,342,342,342,342,347,349,350,350,350,350,350,350,350,351,353,353,353,353
订单表.CR5门店销量集中度,20.7%,12.4%,11.3%,15.1%,18.3%,13.9%,21.9%,22.8%,11.4%,11.3%,13.6%,15.5%,15.8%,12.6%,10.3%,9.2%,11.0%,8.8%,29.3%,35.7%,22.2%,21.2%,14.5%,15.5%,22.4%,8.3%
订单表.CR5门店城市销量集中度,27.6%,37.6%,34.4%,33.3%,44.1%,40.6%,51.4%,54.4%,42.7%,44.0%,38.8%,44.2%,54.1%,42.5%,39.1%,29.4%,36.0%,37.7%,34.1%,35.7%,44.4%,48.5%,37.3%,40.9%,46.9%,34.1%
"订单表.整体ATP(用户车,万元)",20.76,21.6,21.28,21.07,20.89,21.22,21.03,21.27,21.23,21.14,21.52,21.0,21.47,22.03,21.73,21.15,20.83,21.27,21.21,21.28,21.22,20.69,21.59,20.79,20.94,20.74
订单表.share_l6,1.7%,8.2%,4.3%,4.3%,14.1%,7.9%,2.9%,7.6%,5.7%,2.1%,6.9%,3.1%,1.6%,3.8%,4.6%,3.1%,5.6%,4.3%,5.4%,3.8%,13.2%,6.5%,4.9%,4.5%,17.4%,97.4%
订单表.share_ls6,98.3%,90.6%,95.7%,95.7%,84.8%,90.1%,96.2%,91.1%,93.8%,97.2%,93.1%,95.3%,97.7%,96.2%,93.7%,95.7%,94.4%,95.7%,89.2%,84.6%,84.2%,90.3%,91.5%,94.5%,82.6%,2.6%
订单表.share_ls9,0.0%,0.0%,0.0%,0.0%,0.0%,0.0%,0.0%,0.0%,0.0%,0.0%,0.0%,0.0%,0.0%,0.0%,0.0%,0.0%,0.0%,0.0%,0.0%,0.0%,0.0%,0.0%,0.0%,0.0%,0.0%,0.0%
订单表.share_reev,0.0%,0.0%,0.0%,0.0%,0.0%,0.0%,0.0%,0.0%,0.0%,0.0%,0.0%,0.0%,0.0%,0.0%,0.0%,0.0%,0.0%,0.0%,0.0%,0.0%,0.0%,0.0%,0.0%,0.0%,0.0%,0.0%
订单表.店均锁单数,0.17,0.51,0.63,0.28,0.28,0.3,0.31,0.23,0.62,0.41,0.3,0.38,0.38,0.61,0.5,0.47,0.57,1.2,0.12,0.08,0.13,0.09,0.24,0.31,0.14,4.04
订单表.店日均下发线索数,34.08,31.67,30.56,22.58,22.7,24.42,27.84,25.18,26.92,26.43,24.89,24.55,26.84,35.02,34.58,33.36,29.43,22.91,18.8,20.48,22.53,21.6,24.68,25.11,21.38,29.78
归因分析.锁单用户数,58,167,210,90,84,97,104,76,209,137,101,123,127,208,169,161,192,404,33,20,38,27,79,105,44,1346
归因分析.数据完整度,100.0%,99.4%,99.5%,96.8%,92.3%,96.0%,100.0%,96.2%,99.1%,97.9%,100.0%,95.3%,98.4%,97.7%,97.7%,99.4%,99.0%,96.7%,89.2%,83.3%,100.0%,93.1%,96.3%,96.3%,97.8%,95.7%
归因分析.平均触达次数,1.79,1.78,1.76,1.68,2.19,1.85,1.97,2.04,1.66,1.55,2.21,2.0,1.8,1.82,1.72,1.49,1.84,2.22,2.0,3.2,2.71,1.81,1.57,1.6,2.14,1.87
归因分析.平均转化时长(天),11.07,15.5,7.5,15.37,16.73,12.14,9.36,12.09,11.91,17.85,20.26,7.96,14.93,13.53,9.67,12.2,18.17,15.81,5.73,32.25,14.16,19.41,16.78,6.74,17.5,33.64
归因分析.锁单用户主要渠道Top5,"[{""channel"": ""自然客流"", ""locked_users"": 23, ""pct"": ""39.7%""}, {""channel"": ""新媒体-抖音"", ""locked_users"": 8, ""pct"": ""13.8%""}, {""channel"": ""懂车帝卖车通"", ""locked_users"": 3, ""pct"": ""5.2%""}, {""channel"": ""抖音-矩阵"", ""locked_users"": 3, ""pct"": ""5.2%""}, {""channel"": ""易车"", ""locked_users"": 2, ""pct"": ""3.4%""}, {""channel"": ""其他"", ""locked_users"": 19, ""pct"": ""32.8%""}]","[{""channel"": ""自然客流"", ""locked_users"": 61, ""pct"": ""36.5%""}, {""channel"": ""新媒体-抖音"", ""locked_users"": 17, ""pct"": ""10.2%""}, {""channel"": ""活动自然参与"", ""locked_users"": 8, ""pct"": ""4.8%""}, {""channel"": ""车展（门店）"", ""locked_users"": 8, ""pct"": ""4.8%""}, {""channel"": ""用户裂变"", ""locked_users"": 6, ""pct"": ""3.6%""}, {""channel"": ""其他"", ""locked_users"": 67, ""pct"": ""40.1%""}]","[{""channel"": ""自然客流"", ""locked_users"": 75, ""pct"": ""35.7%""}, {""channel"": ""车展（门店）"", ""locked_users"": 17, ""pct"": ""8.1%""}, {""channel"": ""新媒体-抖音"", ""locked_users"": 17, ""pct"": ""8.1%""}, {""channel"": ""活动自然参与"", ""locked_users"": 11, ""pct"": ""5.2%""}, {""channel"": ""Popup（门店）"", ""locked_users"": 7, ""pct"": ""3.3%""}, {""channel"": ""其他"", ""locked_users"": 83, ""pct"": ""39.5%""}]","[{""channel"": ""自然客流"", ""locked_users"": 32, ""pct"": ""35.6%""}, {""channel"": ""新媒体-抖音"", ""locked_users"": 10, ""pct"": ""11.1%""}, {""channel"": ""Popup（门店）"", ""locked_users"": 4, ""pct"": ""4.4%""}, {""channel"": ""易车伙伴网单"", ""locked_users"": 4, ""pct"": ""4.4%""}, {""channel"": ""车展（门店）"", ""locked_users"": 4, ""pct"": ""4.4%""}, {""channel"": ""其他"", ""locked_users"": 36, ""pct"": ""40.0%""}]","[{""channel"": ""自然客流"", ""locked_users"": 37, ""pct"": ""44.0%""}, {""channel"": ""新媒体-抖音"", ""locked_users"": 7, ""pct"": ""8.3%""}, {""channel"": ""抖音-矩阵"", ""locked_users"": 4, ""pct"": ""4.8%""}, {""channel"": ""易车"", ""locked_users"": 4, ""pct"": ""4.8%""}, {""channel"": ""地推（门店）"", ""locked_users"": 4, ""pct"": ""4.8%""}, {""channel"": ""其他"", ""locked_users"": 28, ""pct"": ""33.3%""}]","[{""channel"": ""自然客流"", ""locked_users"": 38, ""pct"": ""39.2%""}, {""channel"": ""车展（门店）"", ""locked_users"": 8, ""pct"": ""8.2%""}, {""channel"": ""新媒体-抖音"", ""locked_users"": 7, ""pct"": ""7.2%""}, {""channel"": ""易车伙伴网单"", ""locked_users"": 5, ""pct"": ""5.2%""}, {""channel"": ""活动自然参与"", ""locked_users"": 4, ""pct"": ""4.1%""}, {""channel"": ""其他"", ""locked_users"": 35, ""pct"": ""36.1%""}]","[{""channel"": ""自然客流"", ""locked_users"": 25, ""pct"": ""24.0%""}, {""channel"": ""车展（门店）"", ""locked_users"": 20, ""pct"": ""19.2%""}, {""channel"": ""新媒体-抖音"", ""locked_users"": 10, ""pct"": ""9.6%""}, {""channel"": ""用户裂变"", ""locked_users"": 5, ""pct"": ""4.8%""}, {""channel"": ""抖音-矩阵"", ""locked_users"": 4, ""pct"": ""3.8%""}, {""channel"": ""其他"", ""locked_users"": 40, ""pct"": ""38.5%""}]","[{""channel"": ""自然客流"", ""locked_users"": 25, ""pct"": ""32.9%""}, {""channel"": ""车展（门店）"", ""locked_users"": 11, ""pct"": ""14.5%""}, {""channel"": ""新媒体-抖音"", ""locked_users"": 7, ""pct"": ""9.2%""}, {""channel"": ""活动自然参与"", ""locked_users"": 3, ""pct"": ""3.9%""}, {""channel"": ""新媒体-小红书"", ""locked_users"": 3, ""pct"": ""3.9%""}, {""channel"": ""其他"", ""locked_users"": 27, ""pct"": ""35.5%""}]","[{""channel"": ""自然客流"", ""locked_users"": 60, ""pct"": ""28.7%""}, {""channel"": ""车展（门店）"", ""locked_users"": 15, ""pct"": ""7.2%""}, {""channel"": ""新媒体-抖音"", ""locked_users"": 13, ""pct"": ""6.2%""}, {""channel"": ""活动自然参与"", ""locked_users"": 11, ""pct"": ""5.3%""}, {""channel"": ""用户裂变"", ""locked_users"": 11, ""pct"": ""5.3%""}, {""channel"": ""其他"", ""locked_users"": 99, ""pct"": ""47.4%""}]","[{""channel"": ""自然客流"", ""locked_users"": 44, ""pct"": ""32.1%""}, {""channel"": ""车展（门店）"", ""locked_users"": 14, ""pct"": ""10.2%""}, {""channel"": ""新媒体-抖音"", ""locked_users"": 9, ""pct"": ""6.6%""}, {""channel"": ""活动自然参与"", ""locked_users"": 7, ""pct"": ""5.1%""}, {""channel"": ""心愿单"", ""locked_users"": 6, ""pct"": ""4.4%""}, {""channel"": ""其他"", ""locked_users"": 57, ""pct"": ""41.6%""}]","[{""channel"": ""自然客流"", ""locked_users"": 31, ""pct"": ""30.7%""}, {""channel"": ""车展（门店）"", ""locked_users"": 13, ""pct"": ""12.9%""}, {""channel"": ""新媒体-抖音"", ""locked_users"": 6, ""pct"": ""5.9%""}, {""channel"": ""车主活动推荐"", ""locked_users"": 5, ""pct"": ""5.0%""}, {""channel"": ""抖音-矩阵"", ""locked_users"": 4, ""pct"": ""4.0%""}, {""channel"": ""其他"", ""locked_users"": 42, ""pct"": ""41.6%""}]","[{""channel"": ""自然客流"", ""locked_users"": 35, ""pct"": ""28.5%""}, {""channel"": ""车展（门店）"", ""locked_users"": 20, ""pct"": ""16.3%""}, {""channel"": ""Popup（门店）"", ""locked_users"": 8, ""pct"": ""6.5%""}, {""channel"": ""新媒体-抖音"", ""locked_users"": 8, ""pct"": ""6.5%""}, {""channel"": ""抖音-矩阵"", ""locked_users"": 6, ""pct"": ""4.9%""}, {""channel"": ""其他"", ""locked_users"": 46, ""pct"": ""37.4%""}]","[{""channel"": ""自然客流"", ""locked_users"": 36, ""pct"": ""28.3%""}, {""channel"": ""车展（门店）"", ""locked_users"": 23, ""pct"": ""18.1%""}, {""channel"": ""新媒体-抖音"", ""locked_users"": 11, ""pct"": ""8.7%""}, {""channel"": ""Popup（门店）"", ""locked_users"": 6, ""pct"": ""4.7%""}, {""channel"": ""活动自然参与"", ""locked_users"": 5, ""pct"": ""3.9%""}, {""channel"": ""其他"", ""locked_users"": 46, ""pct"": ""36.2%""}]","[{""channel"": ""自然客流"", ""locked_users"": 65, ""pct"": ""31.2%""}, {""channel"": ""车展（门店）"", ""locked_users"": 39, ""pct"": ""18.8%""}, {""channel"": ""新媒体-抖音"", ""locked_users"": 13, ""pct"": ""6.2%""}, {""channel"": ""易车"", ""locked_users"": 8, ""pct"": ""3.8%""}, {""channel"": ""易车-效果"", ""locked_users"": 7, ""pct"": ""3.4%""}, {""channel"": ""其他"", ""locked_users"": 76, ""pct"": ""36.5%""}]","[{""channel"": ""自然客流"", ""locked_users"": 56, ""pct"": ""33.1%""}, {""channel"": ""车展（门店）"", ""locked_users"": 31, ""pct"": ""18.3%""}, {""channel"": ""新媒体-抖音"", ""locked_users"": 16, ""pct"": ""9.5%""}, {""channel"": ""Popup（门店）"", ""locked_users"": 8, ""pct"": ""4.7%""}, {""channel"": ""活动自然参与"", ""locked_users"": 6, ""pct"": ""3.6%""}, {""channel"": ""其他"", ""locked_users"": 52, ""pct"": ""30.8%""}]","[{""channel"": ""自然客流"", ""locked_users"": 52, ""pct"": ""32.3%""}, {""channel"": ""车展（门店）"", ""locked_users"": 17, ""pct"": ""10.6%""}, {""channel"": ""新媒体-抖音"", ""locked_users"": 15, ""pct"": ""9.3%""}, {""channel"": ""易车伙伴网单"", ""locked_users"": 8, ""pct"": ""5.0%""}, {""channel"": ""用户裂变"", ""locked_users"": 8, ""pct"": ""5.0%""}, {""channel"": ""其他"", ""locked_users"": 61, ""pct"": ""37.9%""}]","[{""channel"": ""自然客流"", ""locked_users"": 57, ""pct"": ""29.7%""}, {""channel"": ""车展（门店）"", ""locked_users"": 34, ""pct"": ""17.7%""}, {""channel"": ""新媒体-抖音"", ""locked_users"": 18, ""pct"": ""9.4%""}, {""channel"": ""Popup（门店）"", ""locked_users"": 12, ""pct"": ""6.2%""}, {""channel"": ""抖音-矩阵"", ""locked_users"": 6, ""pct"": ""3.1%""}, {""channel"": ""其他"", ""locked_users"": 65, ""pct"": ""33.9%""}]","[{""channel"": ""自然客流"", ""locked_users"": 135, ""pct"": ""33.4%""}, {""channel"": ""新媒体-抖音"", ""locked_users"": 37, ""pct"": ""9.2%""}, {""channel"": ""车展（门店）"", ""locked_users"": 33, ""pct"": ""8.2%""}, {""channel"": ""Popup（门店）"", ""locked_users"": 25, ""pct"": ""6.2%""}, {""channel"": ""直接大定"", ""locked_users"": 21, ""pct"": ""5.2%""}, {""channel"": ""其他"", ""locked_users"": 153, ""pct"": ""37.9%""}]","[{""channel"": ""自然客流"", ""locked_users"": 13, ""pct"": ""39.4%""}, {""channel"": ""新媒体-抖音"", ""locked_users"": 3, ""pct"": ""9.1%""}, {""channel"": ""用户裂变"", ""locked_users"": 2, ""pct"": ""6.1%""}, {""channel"": ""汽车之家车商汇"", ""locked_users"": 2, ""pct"": ""6.1%""}, {""channel"": ""直接大定"", ""locked_users"": 2, ""pct"": ""6.1%""}, {""channel"": ""其他"", ""locked_users"": 11, ""pct"": ""33.3%""}]","[{""channel"": ""自然客流"", ""locked_users"": 9, ""pct"": ""45.0%""}, {""channel"": ""新媒体-抖音"", ""locked_users"": 3, ""pct"": ""15.0%""}, {""channel"": ""IM智己汽车"", ""locked_users"": 1, ""pct"": ""5.0%""}, {""channel"": ""活动自然参与"", ""locked_users"": 1, ""pct"": ""5.0%""}, {""channel"": ""APP"", ""locked_users"": 1, ""pct"": ""5.0%""}, {""channel"": ""其他"", ""locked_users"": 5, ""pct"": ""25.0%""}]","[{""channel"": ""自然客流"", ""locked_users"": 13, ""pct"": ""34.2%""}, {""channel"": ""抖音-矩阵"", ""locked_users"": 4, ""pct"": ""10.5%""}, {""channel"": ""意向金"", ""locked_users"": 3, ""pct"": ""7.9%""}, {""channel"": ""直接大定"", ""locked_users"": 2, ""pct"": ""5.3%""}, {""channel"": ""易车"", ""locked_users"": 2, ""pct"": ""5.3%""}, {""channel"": ""其他"", ""locked_users"": 14, ""pct"": ""36.8%""}]","[{""channel"": ""自然客流"", ""locked_users"": 12, ""pct"": ""44.4%""}, {""channel"": ""新媒体-抖音"", ""locked_users"": 4, ""pct"": ""14.8%""}, {""channel"": ""腾讯ADQ-海南明舟"", ""locked_users"": 2, ""pct"": ""7.4%""}, {""channel"": ""活动自然参与"", ""locked_users"": 1, ""pct"": ""3.7%""}, {""channel"": ""汽车之家车商汇400"", ""locked_users"": 1, ""pct"": ""3.7%""}, {""channel"": ""其他"", ""locked_users"": 7, ""pct"": ""25.9%""}]","[{""channel"": ""自然客流"", ""locked_users"": 29, ""pct"": ""36.7%""}, {""channel"": ""新媒体-抖音"", ""locked_users"": 8, ""pct"": ""10.1%""}, {""channel"": ""APP"", ""locked_users"": 6, ""pct"": ""7.6%""}, {""channel"": ""活动自然参与"", ""locked_users"": 4, ""pct"": ""5.1%""}, {""channel"": ""易车"", ""locked_users"": 3, ""pct"": ""3.8%""}, {""channel"": ""其他"", ""locked_users"": 29, ""pct"": ""36.7%""}]","[{""channel"": ""自然客流"", ""locked_users"": 45, ""pct"": ""42.9%""}, {""channel"": ""新媒体-抖音"", ""locked_users"": 13, ""pct"": ""12.4%""}, {""channel"": ""Popup（门店）"", ""locked_users"": 5, ""pct"": ""4.8%""}, {""channel"": ""懂车帝"", ""locked_users"": 3, ""pct"": ""2.9%""}, {""channel"": ""易车"", ""locked_users"": 3, ""pct"": ""2.9%""}, {""channel"": ""其他"", ""locked_users"": 36, ""pct"": ""34.3%""}]","[{""channel"": ""自然客流"", ""locked_users"": 16, ""pct"": ""36.4%""}, {""channel"": ""易车伙伴网单"", ""locked_users"": 6, ""pct"": ""13.6%""}, {""channel"": ""APP"", ""locked_users"": 3, ""pct"": ""6.8%""}, {""channel"": ""新媒体-抖音"", ""locked_users"": 3, ""pct"": ""6.8%""}, {""channel"": ""抖音-矩阵"", ""locked_users"": 2, ""pct"": ""4.5%""}, {""channel"": ""其他"", ""locked_users"": 14, ""pct"": ""31.8%""}]","[{""channel"": ""自然客流"", ""locked_users"": 471, ""pct"": ""35.0%""}, {""channel"": ""意向金"", ""locked_users"": 115, ""pct"": ""8.5%""}, {""channel"": ""APP"", ""locked_users"": 88, ""pct"": ""6.5%""}, {""channel"": ""车展（门店）"", ""locked_users"": 63, ""pct"": ""4.7%""}, {""channel"": ""新媒体-抖音"", ""locked_users"": 57, ""pct"": ""4.2%""}, {""channel"": ""其他"", ""locked_users"": 552, ""pct"": ""41.0%""}]"
归因分析.锁单用户分类占比（观察口径）,"[{""category"": ""One-Touch (Decisive)"", ""users"": 31, ""pct"": ""53.4%""}, {""category"": ""Hesitant (Same Channel, Multiple Touches)"", ""users"": 2, ""pct"": ""3.4%""}, {""category"": ""Cross-Channel (Comparison Shopper)"", ""users"": 25, ""pct"": ""43.1%""}, {""category"": ""Long Consideration (>14 Days)"", ""users"": 14, ""pct"": ""24.1%""}, {""category"": ""Long Consideration (>14 Days & <60 Days)"", ""users"": 12, ""pct"": ""20.7%""}, {""category"": ""Repeat Lockers (Had Prior Locks)"", ""users"": 1, ""pct"": ""1.7%""}]","[{""category"": ""One-Touch (Decisive)"", ""users"": 103, ""pct"": ""61.7%""}, {""category"": ""Hesitant (Same Channel, Multiple Touches)"", ""users"": 3, ""pct"": ""1.8%""}, {""category"": ""Cross-Channel (Comparison Shopper)"", ""users"": 61, ""pct"": ""36.5%""}, {""category"": ""Long Consideration (>14 Days)"", ""users"": 29, ""pct"": ""17.4%""}, {""category"": ""Long Consideration (>14 Days & <60 Days)"", ""users"": 24, ""pct"": ""14.4%""}, {""category"": ""Repeat Lockers (Had Prior Locks)"", ""users"": 5, ""pct"": ""3.0%""}]","[{""category"": ""One-Touch (Decisive)"", ""users"": 133, ""pct"": ""63.3%""}, {""category"": ""Hesitant (Same Channel, Multiple Touches)"", ""users"": 2, ""pct"": ""1.0%""}, {""category"": ""Cross-Channel (Comparison Shopper)"", ""users"": 75, ""pct"": ""35.7%""}, {""category"": ""Long Consideration (>14 Days)"", ""users"": 32, ""pct"": ""15.2%""}, {""category"": ""Long Consideration (>14 Days & <60 Days)"", ""users"": 26, ""pct"": ""12.4%""}, {""category"": ""Repeat Lockers (Had Prior Locks)"", ""users"": 4, ""pct"": ""1.9%""}]","[{""category"": ""One-Touch (Decisive)"", ""users"": 51, ""pct"": ""56.7%""}, {""category"": ""Hesitant (Same Channel, Multiple Touches)"", ""users"": 2, ""pct"": ""2.2%""}, {""category"": ""Cross-Channel (Comparison Shopper)"", ""users"": 37, ""pct"": ""41.1%""}, {""category"": ""Long Consideration (>14 Days)"", ""users"": 15, ""pct"": ""16.7%""}, {""category"": ""Long Consideration (>14 Days & <60 Days)"", ""users"": 11, ""pct"": ""12.2%""}, {""category"": ""Repeat Lockers (Had Prior Locks)"", ""users"": 2, ""pct"": ""2.2%""}]","[{""category"": ""One-Touch (Decisive)"", ""users"": 34, ""pct"": ""40.5%""}, {""category"": ""Hesitant (Same Channel, Multiple Touches)"", ""users"": 2, ""pct"": ""2.4%""}, {""category"": ""Cross-Channel (Comparison Shopper)"", ""users"": 48, ""pct"": ""57.1%""}, {""category"": ""Long Consideration (>14 Days)"", ""users"": 20, ""pct"": ""23.8%""}, {""category"": ""Long Consideration (>14 Days & <60 Days)"", ""users"": 14, ""pct"": ""16.7%""}, {""category"": ""Repeat Lockers (Had Prior Locks)"", ""users"": 5, ""pct"": ""6.0%""}]","[{""category"": ""One-Touch (Decisive)"", ""users"": 52, ""pct"": ""53.6%""}, {""category"": ""Hesitant (Same Channel, Multiple Touches)"", ""users"": 5, ""pct"": ""5.2%""}, {""category"": ""Cross-Channel (Comparison Shopper)"", ""users"": 40, ""pct"": ""41.2%""}, {""category"": ""Long Consideration (>14 Days)"", ""users"": 18, ""pct"": ""18.6%""}, {""category"": ""Long Consideration (>14 Days & <60 Days)"", ""users"": 11, ""pct"": ""11.3%""}, {""category"": ""Repeat Lockers (Had Prior Locks)"", ""users"": 4, ""pct"": ""4.1%""}]","[{""category"": ""One-Touch (Decisive)"", ""users"": 48, ""pct"": ""46.2%""}, {""category"": ""Hesitant (Same Channel, Multiple Touches)"", ""users"": 2, ""pct"": ""1.9%""}, {""category"": ""Cross-Channel (Comparison Shopper)"", ""users"": 54, ""pct"": ""51.9%""}, {""category"": ""Long Consideration (>14 Days)"", ""users"": 14, ""pct"": ""13.5%""}, {""category"": ""Long Consideration (>14 Days & <60 Days)"", ""users"": 10, ""pct"": ""9.6%""}, {""category"": ""Repeat Lockers (Had Prior Locks)"", ""users"": 1, ""pct"": ""1.0%""}]","[{""category"": ""One-Touch (Decisive)"", ""users"": 41, ""pct"": ""53.9%""}, {""category"": ""Hesitant (Same Channel, Multiple Touches)"", ""users"": 0, ""pct"": ""0.0%""}, {""category"": ""Cross-Channel (Comparison Shopper)"", ""users"": 35, ""pct"": ""46.1%""}, {""category"": ""Long Consideration (>14 Days)"", ""users"": 12, ""pct"": ""15.8%""}, {""category"": ""Long Consideration (>14 Days & <60 Days)"", ""users"": 9, ""pct"": ""11.8%""}, {""category"": ""Repeat Lockers (Had Prior Locks)"", ""users"": 5, ""pct"": ""6.6%""}]","[{""category"": ""One-Touch (Decisive)"", ""users"": 127, ""pct"": ""60.8%""}, {""category"": ""Hesitant (Same Channel, Multiple Touches)"", ""users"": 5, ""pct"": ""2.4%""}, {""category"": ""Cross-Channel (Comparison Shopper)"", ""users"": 77, ""pct"": ""36.8%""}, {""category"": ""Long Consideration (>14 Days)"", ""users"": 34, ""pct"": ""16.3%""}, {""category"": ""Long Consideration (>14 Days & <60 Days)"", ""users"": 27, ""pct"": ""12.9%""}, {""category"": ""Repeat Lockers (Had Prior Locks)"", ""users"": 3, ""pct"": ""1.4%""}]","[{""category"": ""One-Touch (Decisive)"", ""users"": 83, ""pct"": ""60.6%""}, {""category"": ""Hesitant (Same Channel, Multiple Touches)"", ""users"": 2, ""pct"": ""1.5%""}, {""category"": ""Cross-Channel (Comparison Shopper)"", ""users"": 52, ""pct"": ""38.0%""}, {""category"": ""Long Consideration (>14 Days)"", ""users"": 25, ""pct"": ""18.2%""}, {""category"": ""Long Consideration (>14 Days & <60 Days)"", ""users"": 15, ""pct"": ""10.9%""}, {""category"": ""Repeat Lockers (Had Prior Locks)"", ""users"": 2, ""pct"": ""1.5%""}]","[{""category"": ""One-Touch (Decisive)"", ""users"": 46, ""pct"": ""45.5%""}, {""category"": ""Hesitant (Same Channel, Multiple Touches)"", ""users"": 3, ""pct"": ""3.0%""}, {""category"": ""Cross-Channel (Comparison Shopper)"", ""users"": 52, ""pct"": ""51.5%""}, {""category"": ""Long Consideration (>14 Days)"", ""users"": 20, ""pct"": ""19.8%""}, {""category"": ""Long Consideration (>14 Days & <60 Days)"", ""users"": 14, ""pct"": ""13.9%""}, {""category"": ""Repeat Lockers (Had Prior Locks)"", ""users"": 5, ""pct"": ""5.0%""}]","[{""category"": ""One-Touch (Decisive)"", ""users"": 73, ""pct"": ""59.3%""}, {""category"": ""Hesitant (Same Channel, Multiple Touches)"", ""users"": 1, ""pct"": ""0.8%""}, {""category"": ""Cross-Channel (Comparison Shopper)"", ""users"": 49, ""pct"": ""39.8%""}, {""category"": ""Long Consideration (>14 Days)"", ""users"": 16, ""pct"": ""13.0%""}, {""category"": ""Long Consideration (>14 Days & <60 Days)"", ""users"": 12, ""pct"": ""9.8%""}, {""category"": ""Repeat Lockers (Had Prior Locks)"", ""users"": 10, ""pct"": ""8.1%""}]","[{""category"": ""One-Touch (Decisive)"", ""users"": 78, ""pct"": ""61.4%""}, {""category"": ""Hesitant (Same Channel, Multiple Touches)"", ""users"": 1, ""pct"": ""0.8%""}, {""category"": ""Cross-Channel (Comparison Shopper)"", ""users"": 48, ""pct"": ""37.8%""}, {""category"": ""Long Consideration (>14 Days)"", ""users"": 24, ""pct"": ""18.9%""}, {""category"": ""Long Consideration (>14 Days & <60 Days)"", ""users"": 15, ""pct"": ""11.8%""}, {""category"": ""Repeat Lockers (Had Prior Locks)"", ""users"": 3, ""pct"": ""2.4%""}]","[{""category"": ""One-Touch (Decisive)"", ""users"": 128, ""pct"": ""61.5%""}, {""category"": ""Hesitant (Same Channel, Multiple Touches)"", ""users"": 3, ""pct"": ""1.4%""}, {""category"": ""Cross-Channel (Comparison Shopper)"", ""users"": 77, ""pct"": ""37.0%""}, {""category"": ""Long Consideration (>14 Days)"", ""users"": 43, ""pct"": ""20.7%""}, {""category"": ""Long Consideration (>14 Days & <60 Days)"", ""users"": 33, ""pct"": ""15.9%""}, {""category"": ""Repeat Lockers (Had Prior Locks)"", ""users"": 7, ""pct"": ""3.4%""}]","[{""category"": ""One-Touch (Decisive)"", ""users"": 105, ""pct"": ""62.1%""}, {""category"": ""Hesitant (Same Channel, Multiple Touches)"", ""users"": 3, ""pct"": ""1.8%""}, {""category"": ""Cross-Channel (Comparison Shopper)"", ""users"": 61, ""pct"": ""36.1%""}, {""category"": ""Long Consideration (>14 Days)"", ""users"": 29, ""pct"": ""17.2%""}, {""category"": ""Long Consideration (>14 Days & <60 Days)"", ""users"": 22, ""pct"": ""13.0%""}, {""category"": ""Repeat Lockers (Had Prior Locks)"", ""users"": 7, ""pct"": ""4.1%""}]","[{""category"": ""One-Touch (Decisive)"", ""users"": 102, ""pct"": ""63.4%""}, {""category"": ""Hesitant (Same Channel, Multiple Touches)"", ""users"": 4, ""pct"": ""2.5%""}, {""category"": ""Cross-Channel (Comparison Shopper)"", ""users"": 55, ""pct"": ""34.2%""}, {""category"": ""Long Consideration (>14 Days)"", ""users"": 29, ""pct"": ""18.0%""}, {""category"": ""Long Consideration (>14 Days & <60 Days)"", ""users"": 19, ""pct"": ""11.8%""}, {""category"": ""Repeat Lockers (Had Prior Locks)"", ""users"": 3, ""pct"": ""1.9%""}]","[{""category"": ""One-Touch (Decisive)"", ""users"": 116, ""pct"": ""60.4%""}, {""category"": ""Hesitant (Same Channel, Multiple Touches)"", ""users"": 6, ""pct"": ""3.1%""}, {""category"": ""Cross-Channel (Comparison Shopper)"", ""users"": 70, ""pct"": ""36.5%""}, {""category"": ""Long Consideration (>14 Days)"", ""users"": 37, ""pct"": ""19.3%""}, {""category"": ""Long Consideration (>14 Days & <60 Days)"", ""users"": 26, ""pct"": ""13.5%""}, {""category"": ""Repeat Lockers (Had Prior Locks)"", ""users"": 3, ""pct"": ""1.6%""}]","[{""category"": ""One-Touch (Decisive)"", ""users"": 204, ""pct"": ""50.5%""}, {""category"": ""Hesitant (Same Channel, Multiple Touches)"", ""users"": 23, ""pct"": ""5.7%""}, {""category"": ""Cross-Channel (Comparison Shopper)"", ""users"": 177, ""pct"": ""43.8%""}, {""category"": ""Long Consideration (>14 Days)"", ""users"": 83, ""pct"": ""20.5%""}, {""category"": ""Long Consideration (>14 Days & <60 Days)"", ""users"": 53, ""pct"": ""13.1%""}, {""category"": ""Repeat Lockers (Had Prior Locks)"", ""users"": 41, ""pct"": ""10.1%""}]","[{""category"": ""One-Touch (Decisive)"", ""users"": 17, ""pct"": ""51.5%""}, {""category"": ""Hesitant (Same Channel, Multiple Touches)"", ""users"": 1, ""pct"": ""3.0%""}, {""category"": ""Cross-Channel (Comparison Shopper)"", ""users"": 15, ""pct"": ""45.5%""}, {""category"": ""Long Consideration (>14 Days)"", ""users"": 3, ""pct"": ""9.1%""}, {""category"": ""Long Consideration (>14 Days & <60 Days)"", ""users"": 3, ""pct"": ""9.1%""}, {""category"": ""Repeat Lockers (Had Prior Locks)"", ""users"": 2, ""pct"": ""6.1%""}]","[{""category"": ""One-Touch (Decisive)"", ""users"": 8, ""pct"": ""40.0%""}, {""category"": ""Hesitant (Same Channel, Multiple Touches)"", ""users"": 0, ""pct"": ""0.0%""}, {""category"": ""Cross-Channel (Comparison Shopper)"", ""users"": 12, ""pct"": ""60.0%""}, {""category"": ""Long Consideration (>14 Days)"", ""users"": 7, ""pct"": ""35.0%""}, {""category"": ""Long Consideration (>14 Days & <60 Days)"", ""users"": 4, ""pct"": ""20.0%""}, {""category"": ""Repeat Lockers (Had Prior Locks)"", ""users"": 4, ""pct"": ""20.0%""}]","[{""category"": ""One-Touch (Decisive)"", ""users"": 16, ""pct"": ""42.1%""}, {""category"": ""Hesitant (Same Channel, Multiple Touches)"", ""users"": 1, ""pct"": ""2.6%""}, {""category"": ""Cross-Channel (Comparison Shopper)"", ""users"": 21, ""pct"": ""55.3%""}, {""category"": ""Long Consideration (>14 Days)"", ""users"": 10, ""pct"": ""26.3%""}, {""category"": ""Long Consideration (>14 Days & <60 Days)"", ""users"": 8, ""pct"": ""21.1%""}, {""category"": ""Repeat Lockers (Had Prior Locks)"", ""users"": 7, ""pct"": ""18.4%""}]","[{""category"": ""One-Touch (Decisive)"", ""users"": 15, ""pct"": ""55.6%""}, {""category"": ""Hesitant (Same Channel, Multiple Touches)"", ""users"": 2, ""pct"": ""7.4%""}, {""category"": ""Cross-Channel (Comparison Shopper)"", ""users"": 10, ""pct"": ""37.0%""}, {""category"": ""Long Consideration (>14 Days)"", ""users"": 10, ""pct"": ""37.0%""}, {""category"": ""Long Consideration (>14 Days & <60 Days)"", ""users"": 9, ""pct"": ""33.3%""}, {""category"": ""Repeat Lockers (Had Prior Locks)"", ""users"": 2, ""pct"": ""7.4%""}]","[{""category"": ""One-Touch (Decisive)"", ""users"": 47, ""pct"": ""59.5%""}, {""category"": ""Hesitant (Same Channel, Multiple Touches)"", ""users"": 7, ""pct"": ""8.9%""}, {""category"": ""Cross-Channel (Comparison Shopper)"", ""users"": 25, ""pct"": ""31.6%""}, {""category"": ""Long Consideration (>14 Days)"", ""users"": 17, ""pct"": ""21.5%""}, {""category"": ""Long Consideration (>14 Days & <60 Days)"", ""users"": 13, ""pct"": ""16.5%""}, {""category"": ""Repeat Lockers (Had Prior Locks)"", ""users"": 4, ""pct"": ""5.1%""}]","[{""category"": ""One-Touch (Decisive)"", ""users"": 63, ""pct"": ""60.0%""}, {""category"": ""Hesitant (Same Channel, Multiple Touches)"", ""users"": 6, ""pct"": ""5.7%""}, {""category"": ""Cross-Channel (Comparison Shopper)"", ""users"": 36, ""pct"": ""34.3%""}, {""category"": ""Long Consideration (>14 Days)"", ""users"": 15, ""pct"": ""14.3%""}, {""category"": ""Long Consideration (>14 Days & <60 Days)"", ""users"": 11, ""pct"": ""10.5%""}, {""category"": ""Repeat Lockers (Had Prior Locks)"", ""users"": 3, ""pct"": ""2.9%""}]","[{""category"": ""One-Touch (Decisive)"", ""users"": 17, ""pct"": ""38.6%""}, {""category"": ""Hesitant (Same Channel, Multiple Touches)"", ""users"": 4, ""pct"": ""9.1%""}, {""category"": ""Cross-Channel (Comparison Shopper)"", ""users"": 23, ""pct"": ""52.3%""}, {""category"": ""Long Consideration (>14 Days)"", ""users"": 10, ""pct"": ""22.7%""}, {""category"": ""Long Consideration (>14 Days & <60 Days)"", ""users"": 4, ""pct"": ""9.1%""}, {""category"": ""Repeat Lockers (Had Prior Locks)"", ""users"": 3, ""pct"": ""6.8%""}]","[{""category"": ""One-Touch (Decisive)"", ""users"": 699, ""pct"": ""51.9%""}, {""category"": ""Hesitant (Same Channel, Multiple Touches)"", ""users"": 49, ""pct"": ""3.6%""}, {""category"": ""Cross-Channel (Comparison Shopper)"", ""users"": 598, ""pct"": ""44.4%""}, {""category"": ""Long Consideration (>14 Days)"", ""users"": 849, ""pct"": ""63.1%""}, {""category"": ""Long Consideration (>14 Days & <60 Days)"", ""users"": 668, ""pct"": ""49.6%""}, {""category"": ""Repeat Lockers (Had Prior Locks)"", ""users"": 45, ""pct"": ""3.3%""}]"
归因分析.跨渠道锁单用户主要助攻渠道Top5,"[{""assist_channel"": ""自然客流"", ""assist_touches"": 8, ""pct"": ""16.3%""}, {""assist_channel"": ""战败激活"", ""assist_touches"": 6, ""pct"": ""12.2%""}, {""assist_channel"": ""抖音-矩阵"", ""assist_touches"": 3, ""pct"": ""6.1%""}, {""assist_channel"": ""汽车之家车商汇"", ""assist_touches"": 3, ""pct"": ""6.1%""}, {""assist_channel"": ""IM智己汽车"", ""assist_touches"": 2, ""pct"": ""4.1%""}]","[{""assist_channel"": ""自然客流"", ""assist_touches"": 21, ""pct"": ""16.7%""}, {""assist_channel"": ""抖音-矩阵"", ""assist_touches"": 11, ""pct"": ""8.7%""}, {""assist_channel"": ""APP"", ""assist_touches"": 8, ""pct"": ""6.3%""}, {""assist_channel"": ""心愿单"", ""assist_touches"": 8, ""pct"": ""6.3%""}, {""assist_channel"": ""懂车帝卖车通"", ""assist_touches"": 5, ""pct"": ""4.0%""}]","[{""assist_channel"": ""自然客流"", ""assist_touches"": 24, ""pct"": ""15.2%""}, {""assist_channel"": ""APP"", ""assist_touches"": 14, ""pct"": ""8.9%""}, {""assist_channel"": ""抖音-矩阵"", ""assist_touches"": 13, ""pct"": ""8.2%""}, {""assist_channel"": ""战败激活"", ""assist_touches"": 12, ""pct"": ""7.6%""}, {""assist_channel"": ""懂车帝卖车通"", ""assist_touches"": 9, ""pct"": ""5.7%""}]","[{""assist_channel"": ""自然客流"", ""assist_touches"": 7, ""pct"": ""10.3%""}, {""assist_channel"": ""直播基地-N个点子"", ""assist_touches"": 5, ""pct"": ""7.4%""}, {""assist_channel"": ""抖音-矩阵"", ""assist_touches"": 5, ""pct"": ""7.4%""}, {""assist_channel"": ""APP"", ""assist_touches"": 4, ""pct"": ""5.9%""}, {""assist_channel"": ""易车伙伴网单"", ""assist_touches"": 3, ""pct"": ""4.4%""}]","[{""assist_channel"": ""自然客流"", ""assist_touches"": 10, ""pct"": ""9.7%""}, {""assist_channel"": ""新媒体-抖音"", ""assist_touches"": 9, ""pct"": ""8.7%""}, {""assist_channel"": ""抖音-矩阵"", ""assist_touches"": 9, ""pct"": ""8.7%""}, {""assist_channel"": ""直播基地-N个点子"", ""assist_touches"": 7, ""pct"": ""6.8%""}, {""assist_channel"": ""心愿单"", ""assist_touches"": 7, ""pct"": ""6.8%""}]","[{""assist_channel"": ""自然客流"", ""assist_touches"": 12, ""pct"": ""15.0%""}, {""assist_channel"": ""抖音-矩阵"", ""assist_touches"": 7, ""pct"": ""8.8%""}, {""assist_channel"": ""APP"", ""assist_touches"": 5, ""pct"": ""6.2%""}, {""assist_channel"": ""懂车帝卖车通"", ""assist_touches"": 5, ""pct"": ""6.2%""}, {""assist_channel"": ""心愿单"", ""assist_touches"": 4, ""pct"": ""5.0%""}]","[{""assist_channel"": ""自然客流"", ""assist_touches"": 21, ""pct"": ""21.2%""}, {""assist_channel"": ""APP"", ""assist_touches"": 9, ""pct"": ""9.1%""}, {""assist_channel"": ""懂车帝卖车通"", ""assist_touches"": 8, ""pct"": ""8.1%""}, {""assist_channel"": ""战败激活"", ""assist_touches"": 4, ""pct"": ""4.0%""}, {""assist_channel"": ""心愿单"", ""assist_touches"": 4, ""pct"": ""4.0%""}]","[{""assist_channel"": ""自然客流"", ""assist_touches"": 14, ""pct"": ""17.5%""}, {""assist_channel"": ""抖音-矩阵"", ""assist_touches"": 10, ""pct"": ""12.5%""}, {""assist_channel"": ""战败激活"", ""assist_touches"": 4, ""pct"": ""5.0%""}, {""assist_channel"": ""活动自然参与"", ""assist_touches"": 4, ""pct"": ""5.0%""}, {""assist_channel"": ""新媒体-抖音"", ""assist_touches"": 4, ""pct"": ""5.0%""}]","[{""assist_channel"": ""自然客流"", ""assist_touches"": 24, ""pct"": ""17.1%""}, {""assist_channel"": ""懂车帝卖车通"", ""assist_touches"": 14, ""pct"": ""10.0%""}, {""assist_channel"": ""APP"", ""assist_touches"": 9, ""pct"": ""6.4%""}, {""assist_channel"": ""懂车帝"", ""assist_touches"": 8, ""pct"": ""5.7%""}, {""assist_channel"": ""战败激活"", ""assist_touches"": 6, ""pct"": ""4.3%""}]","[{""assist_channel"": ""抖音-矩阵"", ""assist_touches"": 7, ""pct"": ""9.2%""}, {""assist_channel"": ""APP"", ""assist_touches"": 6, ""pct"": ""7.9%""}, {""assist_channel"": ""战败激活"", ""assist_touches"": 5, ""pct"": ""6.6%""}, {""assist_channel"": ""汽车之家"", ""assist_touches"": 5, ""pct"": ""6.6%""}, {""assist_channel"": ""IM智己汽车"", ""assist_touches"": 4, ""pct"": ""5.3%""}]","[{""assist_channel"": ""自然客流"", ""assist_touches"": 15, ""pct"": ""12.5%""}, {""assist_channel"": ""抖音-矩阵"", ""assist_touches"": 15, ""pct"": ""12.5%""}, {""assist_channel"": ""心愿单"", ""assist_touches"": 11, ""pct"": ""9.2%""}, {""assist_channel"": ""战败激活"", ""assist_touches"": 6, ""pct"": ""5.0%""}, {""assist_channel"": ""懂车帝卖车通"", ""assist_touches"": 5, ""pct"": ""4.2%""}]","[{""assist_channel"": ""自然客流"", ""assist_touches"": 19, ""pct"": ""15.0%""}, {""assist_channel"": ""门店战败激活"", ""assist_touches"": 10, ""pct"": ""7.9%""}, {""assist_channel"": ""新媒体-抖音"", ""assist_touches"": 10, ""pct"": ""7.9%""}, {""assist_channel"": ""APP"", ""assist_touches"": 8, ""pct"": ""6.3%""}, {""assist_channel"": ""抖音-矩阵"", ""assist_touches"": 7, ""pct"": ""5.5%""}]","[{""assist_channel"": ""自然客流"", ""assist_touches"": 15, ""pct"": ""13.5%""}, {""assist_channel"": ""心愿单"", ""assist_touches"": 13, ""pct"": ""11.7%""}, {""assist_channel"": ""门店战败激活"", ""assist_touches"": 10, ""pct"": ""9.0%""}, {""assist_channel"": ""战败激活"", ""assist_touches"": 7, ""pct"": ""6.3%""}, {""assist_channel"": ""抖音-矩阵"", ""assist_touches"": 7, ""pct"": ""6.3%""}]","[{""assist_channel"": ""抖音-矩阵"", ""assist_touches"": 16, ""pct"": ""10.3%""}, {""assist_channel"": ""自然客流"", ""assist_touches"": 16, ""pct"": ""10.3%""}, {""assist_channel"": ""战败激活"", ""assist_touches"": 14, ""pct"": ""9.0%""}, {""assist_channel"": ""APP"", ""assist_touches"": 11, ""pct"": ""7.1%""}, {""assist_channel"": ""心愿单"", ""assist_touches"": 10, ""pct"": ""6.5%""}]","[{""assist_channel"": ""自然客流"", ""assist_touches"": 16, ""pct"": ""12.6%""}, {""assist_channel"": ""心愿单"", ""assist_touches"": 11, ""pct"": ""8.7%""}, {""assist_channel"": ""懂车帝卖车通"", ""assist_touches"": 10, ""pct"": ""7.9%""}, {""assist_channel"": ""战败激活"", ""assist_touches"": 9, ""pct"": ""7.1%""}, {""assist_channel"": ""APP"", ""assist_touches"": 8, ""pct"": ""6.3%""}]","[{""assist_channel"": ""自然客流"", ""assist_touches"": 13, ""pct"": ""16.0%""}, {""assist_channel"": ""APP"", ""assist_touches"": 6, ""pct"": ""7.4%""}, {""assist_channel"": ""直播基地-N个点子"", ""assist_touches"": 6, ""pct"": ""7.4%""}, {""assist_channel"": ""抖音-矩阵"", ""assist_touches"": 5, ""pct"": ""6.2%""}, {""assist_channel"": ""汽车之家车商汇400"", ""assist_touches"": 4, ""pct"": ""4.9%""}]","[{""assist_channel"": ""心愿单"", ""assist_touches"": 25, ""pct"": ""16.1%""}, {""assist_channel"": ""自然客流"", ""assist_touches"": 23, ""pct"": ""14.8%""}, {""assist_channel"": ""APP"", ""assist_touches"": 10, ""pct"": ""6.5%""}, {""assist_channel"": ""抖音-矩阵"", ""assist_touches"": 9, ""pct"": ""5.8%""}, {""assist_channel"": ""新媒体-抖音"", ""assist_touches"": 8, ""pct"": ""5.2%""}]","[{""assist_channel"": ""自然客流"", ""assist_touches"": 52, ""pct"": ""11.7%""}, {""assist_channel"": ""心愿单"", ""assist_touches"": 48, ""pct"": ""10.8%""}, {""assist_channel"": ""APP"", ""assist_touches"": 35, ""pct"": ""7.9%""}, {""assist_channel"": ""战败激活"", ""assist_touches"": 32, ""pct"": ""7.2%""}, {""assist_channel"": ""抖音-矩阵"", ""assist_touches"": 24, ""pct"": ""5.4%""}]","[{""assist_channel"": ""新媒体-抖音"", ""assist_touches"": 5, ""pct"": ""16.7%""}, {""assist_channel"": ""懂车帝卖车通"", ""assist_touches"": 3, ""pct"": ""10.0%""}, {""assist_channel"": ""自然客流"", ""assist_touches"": 3, ""pct"": ""10.0%""}, {""assist_channel"": ""地推（门店）"", ""assist_touches"": 3, ""pct"": ""10.0%""}, {""assist_channel"": ""战败激活"", ""assist_touches"": 2, ""pct"": ""6.7%""}]","[{""assist_channel"": ""自然客流"", ""assist_touches"": 5, ""pct"": ""12.5%""}, {""assist_channel"": ""心愿单"", ""assist_touches"": 4, ""pct"": ""10.0%""}, {""assist_channel"": ""战败激活"", ""assist_touches"": 3, ""pct"": ""7.5%""}, {""assist_channel"": ""车主活动推荐"", ""assist_touches"": 3, ""pct"": ""7.5%""}, {""assist_channel"": ""车展（门店）"", ""assist_touches"": 2, ""pct"": ""5.0%""}]","[{""assist_channel"": ""自然客流"", ""assist_touches"": 11, ""pct"": ""18.0%""}, {""assist_channel"": ""心愿单"", ""assist_touches"": 6, ""pct"": ""9.8%""}, {""assist_channel"": ""抖音-矩阵"", ""assist_touches"": 4, ""pct"": ""6.6%""}, {""assist_channel"": ""APP"", ""assist_touches"": 3, ""pct"": ""4.9%""}, {""assist_channel"": ""意向金"", ""assist_touches"": 3, ""pct"": ""4.9%""}]","[{""assist_channel"": ""自然客流"", ""assist_touches"": 3, ""pct"": ""13.0%""}, {""assist_channel"": ""战败激活"", ""assist_touches"": 3, ""pct"": ""13.0%""}, {""assist_channel"": ""Popup（门店）"", ""assist_touches"": 2, ""pct"": ""8.7%""}, {""assist_channel"": ""门店战败激活"", ""assist_touches"": 2, ""pct"": ""8.7%""}, {""assist_channel"": ""新媒体-抖音"", ""assist_touches"": 2, ""pct"": ""8.7%""}]","[{""assist_channel"": ""自然客流"", ""assist_touches"": 7, ""pct"": ""17.5%""}, {""assist_channel"": ""Popup（门店）"", ""assist_touches"": 4, ""pct"": ""10.0%""}, {""assist_channel"": ""车展（门店）"", ""assist_touches"": 3, ""pct"": ""7.5%""}, {""assist_channel"": ""战败激活"", ""assist_touches"": 3, ""pct"": ""7.5%""}, {""assist_channel"": ""新媒体-抖音"", ""assist_touches"": 2, ""pct"": ""5.0%""}]","[{""assist_channel"": ""自然客流"", ""assist_touches"": 8, ""pct"": ""14.5%""}, {""assist_channel"": ""Popup（门店）"", ""assist_touches"": 6, ""pct"": ""10.9%""}, {""assist_channel"": ""心愿单"", ""assist_touches"": 4, ""pct"": ""7.3%""}, {""assist_channel"": ""APP"", ""assist_touches"": 4, ""pct"": ""7.3%""}, {""assist_channel"": ""新媒体-抖音"", ""assist_touches"": 3, ""pct"": ""5.5%""}]","[{""assist_channel"": ""自然客流"", ""assist_touches"": 5, ""pct"": ""9.4%""}, {""assist_channel"": ""APP-试乘试驾"", ""assist_touches"": 5, ""pct"": ""9.4%""}, {""assist_channel"": ""心愿单"", ""assist_touches"": 4, ""pct"": ""7.5%""}, {""assist_channel"": ""抖音-矩阵"", ""assist_touches"": 4, ""pct"": ""7.5%""}, {""assist_channel"": ""战败激活"", ""assist_touches"": 4, ""pct"": ""7.5%""}]","[{""assist_channel"": ""心愿单"", ""assist_touches"": 132, ""pct"": ""10.9%""}, {""assist_channel"": ""APP"", ""assist_touches"": 122, ""pct"": ""10.1%""}, {""assist_channel"": ""自然客流"", ""assist_touches"": 101, ""pct"": ""8.4%""}, {""assist_channel"": ""战败激活"", ""assist_touches"": 77, ""pct"": ""6.4%""}, {""assist_channel"": ""抖音-矩阵"", ""assist_touches"": 74, ""pct"": ""6.1%""}]"
下发线索转化率.下发线索数,13733,12763,12286,8963,9078,9718,11051,9872,10686,10306,9633,9598,10629,13762,13901,13479,11741,9163,7426,8091,8833,8662,9796,9995,8510,12031
下发线索转化率.下发线索数 (门店),1663,1959,2231,1127,1135,1070,1015,1006,1696,1162,1060,963,1191,1666,1596,1568,1421,1380,856,889,944,1133,1845,2064,1167,1934
下发线索转化率.下发线索数（直播）,1721,490,420,690,701,656,780,661,431,619,642,468,837,545,568,561,614,629,726,1147,1351,900,910,670,1035,1058
下发线索转化率.下发线索数（平台),5566,5530,4078,3874,3899,4548,4669,4187,3856,3778,3671,3138,3945,3607,4187,4236,3645,3317,3514,3599,3588,3704,3803,3788,3807,5391
下发线索转化率.下发线索当日试驾数,414,748,776,316,313,345,349,350,597,345,339,344,351,804,892,866,841,680,341,328,305,412,822,823,391,372
下发线索转化率.下发 (门店)线索当日锁单数,16,42,54,24,21,23,13,17,42,28,23,17,23,33,37,39,32,93,7,6,7,9,19,33,10,49
下发线索转化率.下发线索 7 日锁单数,66,117,147,65,62,83,74,74,136,97,89,85,104,139,133,132,116,220,33,48,48,57,118,146,113,242
下发线索转化率.下发线索 30 日锁单数,256,258,296,142,137,148,139,131,238,154,142,147,166,250,256,221,223,327,107,92,89,101,178,211,184,606
下发线索转化率.下发门店数,403,403,402,397,400,398,397,392,397,390,387,391,396,393,402,404,399,400,395,395,392,401,397,398,398,404
下发线索转化率.门店线索占比,12.1%,15.3%,18.2%,12.6%,12.5%,11.0%,9.2%,10.2%,15.9%,11.3%,11.0%,10.0%,11.2%,12.1%,11.5%,11.6%,12.1%,15.1%,11.5%,11.0%,10.7%,13.1%,18.8%,20.7%,13.7%,16.1%
下发线索转化率.下发线索当日试驾率,3.0%,5.9%,6.3%,3.5%,3.4%,3.6%,3.2%,3.5%,5.6%,3.3%,3.5%,3.6%,3.3%,5.8%,6.4%,6.4%,7.2%,7.4%,4.6%,4.1%,3.5%,4.8%,8.4%,8.2%,4.6%,3.1%
下发线索转化率.下发 (门店)线索当日锁单率,1.0%,2.1%,2.4%,2.1%,1.9%,2.1%,1.3%,1.7%,2.5%,2.4%,2.2%,1.8%,1.9%,2.0%,2.3%,2.5%,2.3%,6.7%,0.8%,0.7%,0.7%,0.8%,1.0%,1.6%,0.9%,2.5%
下发线索转化率.下发线索当7日锁单率,0.5%,0.9%,1.2%,0.7%,0.7%,0.9%,0.7%,0.7%,1.3%,0.9%,0.9%,0.9%,1.0%,1.0%,1.0%,1.0%,1.0%,2.4%,0.4%,0.6%,0.5%,0.7%,1.2%,1.5%,1.3%,2.0%
下发线索转化率.下发线索当30日锁单率,1.9%,2.0%,2.4%,1.6%,1.5%,1.5%,1.3%,1.3%,2.2%,1.5%,1.5%,1.5%,1.6%,1.8%,1.8%,1.6%,1.9%,3.6%,1.4%,1.1%,1.0%,1.2%,1.8%,2.1%,2.2%,5.0%
下发线索转化率.下发线索数（门店)7日锁单率,1.7%,2.7%,3.0%,2.9%,2.5%,3.3%,2.0%,3.2%,3.4%,2.9%,3.0%,2.5%,2.4%,3.0%,2.9%,3.2%,2.5%,7.0%,1.1%,2.1%,1.9%,2.2%,2.9%,4.3%,3.9%,5.5%
下发线索转化率.下发线索数（直播)7日锁单率,0.1%,0.4%,0.2%,0.0%,0.3%,0.2%,0.0%,0.0%,0.9%,0.8%,0.3%,0.4%,0.1%,0.4%,0.0%,0.7%,0.3%,0.5%,0.1%,0.3%,0.1%,0.1%,0.2%,0.0%,0.3%,0.2%
下发线索转化率.下发线索数（平台)7日锁单率,0.4%,0.6%,0.8%,0.4%,0.6%,0.6%,0.5%,0.5%,0.8%,0.5%,0.5%,0.4%,0.7%,0.7%,0.6%,0.8%,0.8%,1.5%,0.2%,0.3%,0.3%,0.4%,0.9%,0.9%,0.6%,0.9%
下发线索转化率.下发线索数（门店)30日锁单率,5.5%,5.4%,5.6%,4.3%,5.1%,5.0%,4.5%,5.1%,6.2%,4.6%,4.4%,4.7%,3.9%,5.1%,5.7%,5.0%,5.8%,10.4%,3.3%,3.8%,3.2%,3.7%,4.4%,5.8%,6.3%,13.1%
下发线索转化率.下发线索数（直播)30日锁单率,0.5%,0.8%,0.7%,0.0%,0.7%,0.6%,0.5%,0.2%,0.9%,1.0%,0.5%,1.1%,0.7%,0.9%,0.4%,0.9%,0.7%,1.4%,0.3%,0.7%,0.1%,0.3%,0.2%,0.1%,0.4%,0.2%
下发线索转化率.下发线索数（平台)30日锁单率,1.0%,1.0%,1.4%,0.9%,0.9%,0.9%,0.9%,0.7%,1.2%,0.7%,0.8%,0.9%,1.0%,1.2%,1.1%,1.1%,1.1%,1.9%,0.7%,0.7%,0.5%,0.6%,1.1%,1.1%,0.9%,1.7%
下发线索转化率.下发 (门店)线索当日锁单数_字段来源,下发线索当日锁单数 (门店),下发线索当日锁单数 (门店),下发线索当日锁单数 (门店),下发线索当日锁单数 (门店),下发线索当日锁单数 (门店),下发线索当日锁单数 (门店),下发线索当日锁单数 (门店),下发线索当日锁单数 (门店),下发线索当日锁单数 (门店),下发线索当日锁单数 (门店),下发线索当日锁单数 (门店),下发线索当日锁单数 (门店),下发线索当日锁单数 (门店),下发线索当日锁单数 (门店),下发线索当日锁单数 (门店),下发线索当日锁单数 (门店),下发线索当日锁单数 (门店),下发线索当日锁单数 (门店),下发线索当日锁单数 (门店),下发线索当日锁单数 (门店),下发线索当日锁单数 (门店),下发线索当日锁单数 (门店),下发线索当日锁单数 (门店),下发线索当日锁单数 (门店),下发线索当日锁单数 (门店),下发线索当日锁单数 (门店)
试驾分析.有效试驾数,955,1361,1355,697,740,737,767,1345,1392,1034,1230,1255,1264,1671,1666,1674,1618,1342,868,867,882,1234,1668,1505,861,976
