metric,2025-05-13,2025-05-14,2025-05-15,2025-05-16,2025-05-17,2025-05-18,2025-05-19,2025-05-20,2025-05-21,2025-05-22,2025-05-23,2025-05-24,2025-05-25,2025-05-26,2025-05-27,2025-05-28,2025-05-29,2025-05-30,2025-05-31,2025-06-01,2025-06-02,2025-06-03,2025-06-04,2025-06-05,2025-06-06,2025-06-07,2025-06-08,2025-06-09,2025-06-10,2025-06-11,2025-06-12,2025-06-13,2025-06-14,2025-06-15
订单表.锁单数,1427,583,271,179,371,409,166,150,102,102,96,274,346,142,126,110,105,101,279,278,266,113,116,125,100,282,289,138,136,144,142,148,406,464
订单表.锁单人数,1407,579,270,175,371,406,166,149,102,101,95,272,345,141,126,109,104,101,279,278,266,112,113,125,99,282,288,137,136,144,141,145,406,463
订单表.锁单人数（order_type != 试驾车）,1407,576,267,174,371,405,164,146,102,101,95,272,345,139,120,109,104,101,279,278,266,111,113,123,97,281,288,137,135,139,132,133,406,461
订单表.开票数,102,79,135,119,51,36,147,130,131,146,152,71,57,187,165,223,294,316,87,51,70,264,204,253,245,137,68,190,245,165,204,200,137,67
订单表.锁单退订数,266,82,32,32,53,61,24,20,11,24,14,37,63,28,14,11,18,24,49,47,43,15,18,13,12,43,46,28,21,24,28,24,66,86
订单表.留存锁单数,1161,501,239,147,318,348,142,130,91,78,82,237,283,114,112,99,87,77,230,231,223,98,98,112,88,239,243,110,115,120,114,124,340,378
订单表.在营门店数,353,353,353,353,350,349,349,349,349,349,350,350,351,351,350,350,351,350,350,351,351,350,350,350,351,350,350,349,350,350,345,346,347,348
订单表.CR5门店销量集中度,8.3%,6.3%,9.6%,10.6%,7.5%,7.8%,12.7%,10.7%,16.7%,15.7%,20.8%,7.7%,9.2%,12.7%,14.3%,12.7%,10.5%,14.9%,7.5%,9.7%,7.9%,14.2%,13.8%,12.8%,12.0%,7.8%,10.0%,11.6%,11.0%,11.1%,14.1%,13.5%,7.9%,9.3%
订单表.CR5门店城市销量集中度,34.1%,24.7%,29.9%,29.6%,29.4%,32.8%,30.1%,30.7%,42.2%,33.3%,35.4%,35.4%,32.1%,37.3%,36.5%,45.5%,36.2%,33.7%,35.8%,29.9%,31.6%,41.6%,36.2%,31.2%,34.0%,32.6%,36.7%,34.8%,36.0%,29.9%,36.6%,38.5%,31.8%,37.1%
"订单表.整体ATP(用户车,万元)",20.74,20.93,20.84,20.9,20.51,21.08,21.22,20.86,20.96,21.29,20.88,20.97,21.43,20.87,21.05,21.14,21.5,21.42,21.49,21.97,21.1,21.46,21.31,21.42,21.03,21.29,20.65,21.21,20.87,20.98,20.94,20.71,20.68,21.04
订单表.share_l6,97.4%,93.1%,86.6%,81.5%,77.9%,75.5%,72.0%,76.9%,76.5%,55.9%,57.3%,60.2%,50.0%,52.1%,50.0%,59.1%,53.3%,56.4%,54.1%,56.1%,48.1%,46.4%,54.3%,48.0%,51.0%,42.7%,49.5%,43.5%,41.5%,48.2%,36.4%,40.4%,46.8%,40.9%
订单表.share_ls6,2.6%,6.9%,12.3%,18.0%,22.1%,24.0%,26.2%,22.4%,21.6%,41.2%,38.5%,38.3%,49.4%,44.3%,50.0%,40.0%,45.7%,42.6%,45.5%,43.5%,51.5%,51.8%,45.7%,50.4%,49.0%,57.3%,50.5%,55.8%,57.8%,49.6%,63.6%,56.6%,53.2%,58.7%
订单表.share_ls9,0.0%,0.0%,0.0%,0.0%,0.0%,0.0%,0.0%,0.0%,0.0%,0.0%,0.0%,0.0%,0.0%,0.0%,0.0%,0.0%,0.0%,0.0%,0.0%,0.0%,0.0%,0.0%,0.0%,0.0%,0.0%,0.0%,0.0%,0.0%,0.0%,0.0%,0.0%,0.0%,0.0%,0.0%
订单表.share_reev,0.0%,0.0%,0.0%,0.0%,0.0%,0.0%,0.0%,0.0%,0.0%,0.0%,0.0%,0.0%,0.0%,0.0%,0.0%,0.0%,0.0%,0.0%,0.0%,0.0%,0.0%,0.0%,0.0%,0.0%,0.0%,0.0%,0.0%,0.0%,0.0%,0.0%,0.0%,0.0%,0.0%,0.0%
订单表.店均锁单数,4.04,1.65,0.77,0.51,1.06,1.17,0.48,0.43,0.29,0.29,0.27,0.78,0.99,0.4,0.36,0.31,0.3,0.29,0.8,0.79,0.76,0.32,0.33,0.36,0.28,0.81,0.83,0.4,0.39,0.41,0.41,0.43,1.17,1.33
订单表.店日均下发线索数,29.78,24.74,27.41,25.77,26.68,28.81,22.95,21.19,20.51,20.14,21.52,21.75,22.98,25.85,27.16,24.42,23.05,23.25,25.6,29.07,27.75,24.11,26.47,24.64,24.39,26.66,26.5,22.6,22.1,22.79,26.2,27.94,29.27,29.37
归因分析.锁单用户数,1346,539,254,171,368,393,154,139,94,98,93,261,337,132,117,103,97,97,271,271,252,108,106,116,93,267,274,135,130,131,125,125,392,444
归因分析.数据完整度,95.7%,93.6%,95.1%,98.3%,99.2%,97.0%,93.9%,95.2%,92.2%,97.0%,97.9%,96.0%,97.7%,95.0%,97.5%,94.5%,93.3%,96.0%,97.1%,97.5%,94.7%,97.3%,93.8%,94.3%,95.9%,95.0%,95.1%,98.5%,96.3%,94.2%,94.7%,94.0%,96.6%,96.3%
归因分析.平均触达次数,1.87,1.94,2.07,2.25,1.88,2.2,2.44,2.24,2.41,2.19,2.61,1.99,2.36,2.23,1.82,2.53,2.56,2.19,2.26,2.51,2.06,2.29,2.71,2.27,1.92,2.1,2.3,1.93,2.0,2.5,2.06,2.22,2.26,1.98
归因分析.平均转化时长(天),33.64,35.37,29.93,37.17,26.36,30.32,33.16,32.4,30.19,28.81,28.72,33.23,26.85,23.8,27.51,33.58,31.72,23.43,34.12,33.8,31.17,26.67,27.98,33.82,35.35,28.56,33.86,22.13,16.82,26.13,35.21,26.57,33.85,31.72
归因分析.锁单用户主要渠道Top5,"[{""channel"": ""自然客流"", ""locked_users"": 471, ""pct"": ""35.0%""}, {""channel"": ""意向金"", ""locked_users"": 115, ""pct"": ""8.5%""}, {""channel"": ""APP"", ""locked_users"": 88, ""pct"": ""6.5%""}, {""channel"": ""车展（门店）"", ""locked_users"": 63, ""pct"": ""4.7%""}, {""channel"": ""新媒体-抖音"", ""locked_users"": 57, ""pct"": ""4.2%""}, {""channel"": ""其他"", ""locked_users"": 552, ""pct"": ""41.0%""}]","[{""channel"": ""自然客流"", ""locked_users"": 181, ""pct"": ""33.6%""}, {""channel"": ""意向金"", ""locked_users"": 34, ""pct"": ""6.3%""}, {""channel"": ""新媒体-抖音"", ""locked_users"": 25, ""pct"": ""4.6%""}, {""channel"": ""APP"", ""locked_users"": 24, ""pct"": ""4.5%""}, {""channel"": ""车展（门店）"", ""locked_users"": 21, ""pct"": ""3.9%""}, {""channel"": ""其他"", ""locked_users"": 254, ""pct"": ""47.1%""}]","[{""channel"": ""自然客流"", ""locked_users"": 96, ""pct"": ""37.8%""}, {""channel"": ""意向金"", ""locked_users"": 16, ""pct"": ""6.3%""}, {""channel"": ""Popup（门店）"", ""locked_users"": 13, ""pct"": ""5.1%""}, {""channel"": ""用户裂变"", ""locked_users"": 12, ""pct"": ""4.7%""}, {""channel"": ""新媒体-抖音"", ""locked_users"": 11, ""pct"": ""4.3%""}, {""channel"": ""其他"", ""locked_users"": 106, ""pct"": ""41.7%""}]","[{""channel"": ""自然客流"", ""locked_users"": 66, ""pct"": ""38.6%""}, {""channel"": ""意向金"", ""locked_users"": 14, ""pct"": ""8.2%""}, {""channel"": ""新媒体-抖音"", ""locked_users"": 8, ""pct"": ""4.7%""}, {""channel"": ""懂车帝卖车通"", ""locked_users"": 6, ""pct"": ""3.5%""}, {""channel"": ""APP"", ""locked_users"": 4, ""pct"": ""2.3%""}, {""channel"": ""其他"", ""locked_users"": 73, ""pct"": ""42.7%""}]","[{""channel"": ""自然客流"", ""locked_users"": 135, ""pct"": ""36.7%""}, {""channel"": ""意向金"", ""locked_users"": 25, ""pct"": ""6.8%""}, {""channel"": ""新媒体-抖音"", ""locked_users"": 24, ""pct"": ""6.5%""}, {""channel"": ""车展（门店）"", ""locked_users"": 21, ""pct"": ""5.7%""}, {""channel"": ""Popup（门店）"", ""locked_users"": 17, ""pct"": ""4.6%""}, {""channel"": ""其他"", ""locked_users"": 146, ""pct"": ""39.7%""}]","[{""channel"": ""自然客流"", ""locked_users"": 142, ""pct"": ""36.1%""}, {""channel"": ""意向金"", ""locked_users"": 23, ""pct"": ""5.9%""}, {""channel"": ""车展（门店）"", ""locked_users"": 22, ""pct"": ""5.6%""}, {""channel"": ""新媒体-抖音"", ""locked_users"": 21, ""pct"": ""5.3%""}, {""channel"": ""Popup（门店）"", ""locked_users"": 17, ""pct"": ""4.3%""}, {""channel"": ""其他"", ""locked_users"": 168, ""pct"": ""42.7%""}]","[{""channel"": ""自然客流"", ""locked_users"": 43, ""pct"": ""27.9%""}, {""channel"": ""新媒体-抖音"", ""locked_users"": 14, ""pct"": ""9.1%""}, {""channel"": ""意向金"", ""locked_users"": 11, ""pct"": ""7.1%""}, {""channel"": ""用户裂变"", ""locked_users"": 8, ""pct"": ""5.2%""}, {""channel"": ""Popup（门店）"", ""locked_users"": 7, ""pct"": ""4.5%""}, {""channel"": ""其他"", ""locked_users"": 71, ""pct"": ""46.1%""}]","[{""channel"": ""自然客流"", ""locked_users"": 44, ""pct"": ""31.7%""}, {""channel"": ""意向金"", ""locked_users"": 19, ""pct"": ""13.7%""}, {""channel"": ""新媒体-抖音"", ""locked_users"": 9, ""pct"": ""6.5%""}, {""channel"": ""APP"", ""locked_users"": 6, ""pct"": ""4.3%""}, {""channel"": ""Popup（门店）"", ""locked_users"": 4, ""pct"": ""2.9%""}, {""channel"": ""其他"", ""locked_users"": 57, ""pct"": ""41.0%""}]","[{""channel"": ""自然客流"", ""locked_users"": 40, ""pct"": ""42.6%""}, {""channel"": ""意向金"", ""locked_users"": 7, ""pct"": ""7.4%""}, {""channel"": ""活动自然参与"", ""locked_users"": 6, ""pct"": ""6.4%""}, {""channel"": ""APP"", ""locked_users"": 6, ""pct"": ""6.4%""}, {""channel"": ""Popup（门店）"", ""locked_users"": 4, ""pct"": ""4.3%""}, {""channel"": ""其他"", ""locked_users"": 31, ""pct"": ""33.0%""}]","[{""channel"": ""自然客流"", ""locked_users"": 37, ""pct"": ""37.8%""}, {""channel"": ""意向金"", ""locked_users"": 8, ""pct"": ""8.2%""}, {""channel"": ""用户裂变"", ""locked_users"": 7, ""pct"": ""7.1%""}, {""channel"": ""新媒体-抖音"", ""locked_users"": 6, ""pct"": ""6.1%""}, {""channel"": ""Popup（门店）"", ""locked_users"": 6, ""pct"": ""6.1%""}, {""channel"": ""其他"", ""locked_users"": 34, ""pct"": ""34.7%""}]","[{""channel"": ""自然客流"", ""locked_users"": 26, ""pct"": ""28.0%""}, {""channel"": ""新媒体-抖音"", ""locked_users"": 11, ""pct"": ""11.8%""}, {""channel"": ""Popup（门店）"", ""locked_users"": 7, ""pct"": ""7.5%""}, {""channel"": ""直接大定"", ""locked_users"": 7, ""pct"": ""7.5%""}, {""channel"": ""APP"", ""locked_users"": 5, ""pct"": ""5.4%""}, {""channel"": ""其他"", ""locked_users"": 37, ""pct"": ""39.8%""}]","[{""channel"": ""自然客流"", ""locked_users"": 90, ""pct"": ""34.5%""}, {""channel"": ""新媒体-抖音"", ""locked_users"": 17, ""pct"": ""6.5%""}, {""channel"": ""Popup（门店）"", ""locked_users"": 15, ""pct"": ""5.7%""}, {""channel"": ""意向金"", ""locked_users"": 13, ""pct"": ""5.0%""}, {""channel"": ""用户裂变"", ""locked_users"": 12, ""pct"": ""4.6%""}, {""channel"": ""其他"", ""locked_users"": 114, ""pct"": ""43.7%""}]","[{""channel"": ""自然客流"", ""locked_users"": 141, ""pct"": ""41.8%""}, {""channel"": ""新媒体-抖音"", ""locked_users"": 27, ""pct"": ""8.0%""}, {""channel"": ""意向金"", ""locked_users"": 15, ""pct"": ""4.5%""}, {""channel"": ""易车伙伴网单"", ""locked_users"": 13, ""pct"": ""3.9%""}, {""channel"": ""易车"", ""locked_users"": 11, ""pct"": ""3.3%""}, {""channel"": ""其他"", ""locked_users"": 130, ""pct"": ""38.6%""}]","[{""channel"": ""自然客流"", ""locked_users"": 51, ""pct"": ""38.6%""}, {""channel"": ""直接大定"", ""locked_users"": 8, ""pct"": ""6.1%""}, {""channel"": ""抖音-矩阵"", ""locked_users"": 6, ""pct"": ""4.5%""}, {""channel"": ""意向金"", ""locked_users"": 6, ""pct"": ""4.5%""}, {""channel"": ""新媒体-抖音"", ""locked_users"": 5, ""pct"": ""3.8%""}, {""channel"": ""其他"", ""locked_users"": 56, ""pct"": ""42.4%""}]","[{""channel"": ""自然客流"", ""locked_users"": 36, ""pct"": ""30.8%""}, {""channel"": ""新媒体-抖音"", ""locked_users"": 13, ""pct"": ""11.1%""}, {""channel"": ""用户裂变"", ""locked_users"": 7, ""pct"": ""6.0%""}, {""channel"": ""Popup（门店）"", ""locked_users"": 6, ""pct"": ""5.1%""}, {""channel"": ""车展（门店）"", ""locked_users"": 5, ""pct"": ""4.3%""}, {""channel"": ""其他"", ""locked_users"": 50, ""pct"": ""42.7%""}]","[{""channel"": ""自然客流"", ""locked_users"": 47, ""pct"": ""45.6%""}, {""channel"": ""新媒体-抖音"", ""locked_users"": 4, ""pct"": ""3.9%""}, {""channel"": ""易车伙伴网单"", ""locked_users"": 4, ""pct"": ""3.9%""}, {""channel"": ""品牌投放-58汽车"", ""locked_users"": 3, ""pct"": ""2.9%""}, {""channel"": ""抖音-矩阵"", ""locked_users"": 3, ""pct"": ""2.9%""}, {""channel"": ""其他"", ""locked_users"": 42, ""pct"": ""40.8%""}]","[{""channel"": ""自然客流"", ""locked_users"": 35, ""pct"": ""36.1%""}, {""channel"": ""新媒体-抖音"", ""locked_users"": 5, ""pct"": ""5.2%""}, {""channel"": ""意向金"", ""locked_users"": 5, ""pct"": ""5.2%""}, {""channel"": ""抖音-矩阵"", ""locked_users"": 4, ""pct"": ""4.1%""}, {""channel"": ""心愿单"", ""locked_users"": 4, ""pct"": ""4.1%""}, {""channel"": ""其他"", ""locked_users"": 44, ""pct"": ""45.4%""}]","[{""channel"": ""自然客流"", ""locked_users"": 34, ""pct"": ""35.1%""}, {""channel"": ""新媒体-抖音"", ""locked_users"": 10, ""pct"": ""10.3%""}, {""channel"": ""Popup（门店）"", ""locked_users"": 8, ""pct"": ""8.2%""}, {""channel"": ""意向金"", ""locked_users"": 5, ""pct"": ""5.2%""}, {""channel"": ""心愿单"", ""locked_users"": 4, ""pct"": ""4.1%""}, {""channel"": ""其他"", ""locked_users"": 36, ""pct"": ""37.1%""}]","[{""channel"": ""自然客流"", ""locked_users"": 94, ""pct"": ""34.7%""}, {""channel"": ""新媒体-抖音"", ""locked_users"": 18, ""pct"": ""6.6%""}, {""channel"": ""意向金"", ""locked_users"": 17, ""pct"": ""6.3%""}, {""channel"": ""活动自然参与"", ""locked_users"": 15, ""pct"": ""5.5%""}, {""channel"": ""车展（门店）"", ""locked_users"": 10, ""pct"": ""3.7%""}, {""channel"": ""其他"", ""locked_users"": 117, ""pct"": ""43.2%""}]","[{""channel"": ""自然客流"", ""locked_users"": 88, ""pct"": ""32.5%""}, {""channel"": ""活动自然参与"", ""locked_users"": 17, ""pct"": ""6.3%""}, {""channel"": ""用户裂变"", ""locked_users"": 16, ""pct"": ""5.9%""}, {""channel"": ""新媒体-抖音"", ""locked_users"": 16, ""pct"": ""5.9%""}, {""channel"": ""意向金"", ""locked_users"": 14, ""pct"": ""5.2%""}, {""channel"": ""其他"", ""locked_users"": 120, ""pct"": ""44.3%""}]","[{""channel"": ""自然客流"", ""locked_users"": 112, ""pct"": ""44.4%""}, {""channel"": ""新媒体-抖音"", ""locked_users"": 16, ""pct"": ""6.3%""}, {""channel"": ""APP"", ""locked_users"": 11, ""pct"": ""4.4%""}, {""channel"": ""用户裂变"", ""locked_users"": 11, ""pct"": ""4.4%""}, {""channel"": ""意向金"", ""locked_users"": 10, ""pct"": ""4.0%""}, {""channel"": ""其他"", ""locked_users"": 92, ""pct"": ""36.5%""}]","[{""channel"": ""自然客流"", ""locked_users"": 48, ""pct"": ""44.4%""}, {""channel"": ""新媒体-抖音"", ""locked_users"": 10, ""pct"": ""9.3%""}, {""channel"": ""抖音-矩阵"", ""locked_users"": 4, ""pct"": ""3.7%""}, {""channel"": ""Popup（门店）"", ""locked_users"": 4, ""pct"": ""3.7%""}, {""channel"": ""用户裂变"", ""locked_users"": 4, ""pct"": ""3.7%""}, {""channel"": ""其他"", ""locked_users"": 38, ""pct"": ""35.2%""}]","[{""channel"": ""自然客流"", ""locked_users"": 40, ""pct"": ""37.7%""}, {""channel"": ""意向金"", ""locked_users"": 9, ""pct"": ""8.5%""}, {""channel"": ""新媒体-小红书"", ""locked_users"": 6, ""pct"": ""5.7%""}, {""channel"": ""APP-试乘试驾"", ""locked_users"": 5, ""pct"": ""4.7%""}, {""channel"": ""APP"", ""locked_users"": 5, ""pct"": ""4.7%""}, {""channel"": ""其他"", ""locked_users"": 41, ""pct"": ""38.7%""}]","[{""channel"": ""自然客流"", ""locked_users"": 54, ""pct"": ""46.6%""}, {""channel"": ""意向金"", ""locked_users"": 8, ""pct"": ""6.9%""}, {""channel"": ""新媒体-抖音"", ""locked_users"": 6, ""pct"": ""5.2%""}, {""channel"": ""Popup（门店）"", ""locked_users"": 5, ""pct"": ""4.3%""}, {""channel"": ""用户裂变"", ""locked_users"": 4, ""pct"": ""3.4%""}, {""channel"": ""其他"", ""locked_users"": 39, ""pct"": ""33.6%""}]","[{""channel"": ""自然客流"", ""locked_users"": 37, ""pct"": ""39.8%""}, {""channel"": ""意向金"", ""locked_users"": 6, ""pct"": ""6.5%""}, {""channel"": ""新媒体-抖音"", ""locked_users"": 5, ""pct"": ""5.4%""}, {""channel"": ""新媒体-小红书"", ""locked_users"": 5, ""pct"": ""5.4%""}, {""channel"": ""用户裂变"", ""locked_users"": 4, ""pct"": ""4.3%""}, {""channel"": ""其他"", ""locked_users"": 36, ""pct"": ""38.7%""}]","[{""channel"": ""自然客流"", ""locked_users"": 95, ""pct"": ""35.6%""}, {""channel"": ""新媒体-抖音"", ""locked_users"": 23, ""pct"": ""8.6%""}, {""channel"": ""活动自然参与"", ""locked_users"": 12, ""pct"": ""4.5%""}, {""channel"": ""APP"", ""locked_users"": 12, ""pct"": ""4.5%""}, {""channel"": ""车展（门店）"", ""locked_users"": 9, ""pct"": ""3.4%""}, {""channel"": ""其他"", ""locked_users"": 116, ""pct"": ""43.4%""}]","[{""channel"": ""自然客流"", ""locked_users"": 110, ""pct"": ""40.1%""}, {""channel"": ""新媒体-抖音"", ""locked_users"": 27, ""pct"": ""9.9%""}, {""channel"": ""Popup（门店）"", ""locked_users"": 17, ""pct"": ""6.2%""}, {""channel"": ""活动自然参与"", ""locked_users"": 10, ""pct"": ""3.6%""}, {""channel"": ""意向金"", ""locked_users"": 9, ""pct"": ""3.3%""}, {""channel"": ""其他"", ""locked_users"": 101, ""pct"": ""36.9%""}]","[{""channel"": ""自然客流"", ""locked_users"": 48, ""pct"": ""35.6%""}, {""channel"": ""新媒体-抖音"", ""locked_users"": 10, ""pct"": ""7.4%""}, {""channel"": ""活动自然参与"", ""locked_users"": 7, ""pct"": ""5.2%""}, {""channel"": ""意向金"", ""locked_users"": 7, ""pct"": ""5.2%""}, {""channel"": ""用户裂变"", ""locked_users"": 6, ""pct"": ""4.4%""}, {""channel"": ""其他"", ""locked_users"": 57, ""pct"": ""42.2%""}]","[{""channel"": ""自然客流"", ""locked_users"": 52, ""pct"": ""40.0%""}, {""channel"": ""意向金"", ""locked_users"": 8, ""pct"": ""6.2%""}, {""channel"": ""Popup（门店）"", ""locked_users"": 5, ""pct"": ""3.8%""}, {""channel"": ""新媒体-抖音"", ""locked_users"": 5, ""pct"": ""3.8%""}, {""channel"": ""APP"", ""locked_users"": 5, ""pct"": ""3.8%""}, {""channel"": ""其他"", ""locked_users"": 55, ""pct"": ""42.3%""}]","[{""channel"": ""自然客流"", ""locked_users"": 42, ""pct"": ""32.1%""}, {""channel"": ""新媒体-抖音"", ""locked_users"": 14, ""pct"": ""10.7%""}, {""channel"": ""意向金"", ""locked_users"": 9, ""pct"": ""6.9%""}, {""channel"": ""直接大定"", ""locked_users"": 7, ""pct"": ""5.3%""}, {""channel"": ""Popup（门店）"", ""locked_users"": 7, ""pct"": ""5.3%""}, {""channel"": ""其他"", ""locked_users"": 52, ""pct"": ""39.7%""}]","[{""channel"": ""自然客流"", ""locked_users"": 45, ""pct"": ""36.0%""}, {""channel"": ""新媒体-抖音"", ""locked_users"": 15, ""pct"": ""12.0%""}, {""channel"": ""用户裂变"", ""locked_users"": 6, ""pct"": ""4.8%""}, {""channel"": ""易车伙伴网单"", ""locked_users"": 5, ""pct"": ""4.0%""}, {""channel"": ""意向金"", ""locked_users"": 5, ""pct"": ""4.0%""}, {""channel"": ""其他"", ""locked_users"": 49, ""pct"": ""39.2%""}]","[{""channel"": ""自然客流"", ""locked_users"": 48, ""pct"": ""38.4%""}, {""channel"": ""新媒体-抖音"", ""locked_users"": 14, ""pct"": ""11.2%""}, {""channel"": ""意向金"", ""locked_users"": 9, ""pct"": ""7.2%""}, {""channel"": ""用户裂变"", ""locked_users"": 5, ""pct"": ""4.0%""}, {""channel"": ""车展（门店）"", ""locked_users"": 5, ""pct"": ""4.0%""}, {""channel"": ""其他"", ""locked_users"": 44, ""pct"": ""35.2%""}]","[{""channel"": ""自然客流"", ""locked_users"": 131, ""pct"": ""33.4%""}, {""channel"": ""新媒体-抖音"", ""locked_users"": 25, ""pct"": ""6.4%""}, {""channel"": ""用户裂变"", ""locked_users"": 20, ""pct"": ""5.1%""}, {""channel"": ""意向金"", ""locked_users"": 20, ""pct"": ""5.1%""}, {""channel"": ""车展（门店）"", ""locked_users"": 19, ""pct"": ""4.8%""}, {""channel"": ""其他"", ""locked_users"": 177, ""pct"": ""45.2%""}]","[{""channel"": ""自然客流"", ""locked_users"": 161, ""pct"": ""36.3%""}, {""channel"": ""新媒体-抖音"", ""locked_users"": 38, ""pct"": ""8.6%""}, {""channel"": ""车展（门店）"", ""locked_users"": 20, ""pct"": ""4.5%""}, {""channel"": ""易车伙伴网单"", ""locked_users"": 19, ""pct"": ""4.3%""}, {""channel"": ""Popup（门店）"", ""locked_users"": 19, ""pct"": ""4.3%""}, {""channel"": ""其他"", ""locked_users"": 187, ""pct"": ""42.1%""}]"
归因分析.锁单用户分类占比（观察口径）,"[{""category"": ""One-Touch (Decisive)"", ""users"": 699, ""pct"": ""51.9%""}, {""category"": ""Hesitant (Same Channel, Multiple Touches)"", ""users"": 49, ""pct"": ""3.6%""}, {""category"": ""Cross-Channel (Comparison Shopper)"", ""users"": 598, ""pct"": ""44.4%""}, {""category"": ""Long Consideration (>14 Days)"", ""users"": 849, ""pct"": ""63.1%""}, {""category"": ""Long Consideration (>14 Days & <60 Days)"", ""users"": 668, ""pct"": ""49.6%""}, {""category"": ""Repeat Lockers (Had Prior Locks)"", ""users"": 45, ""pct"": ""3.3%""}]","[{""category"": ""One-Touch (Decisive)"", ""users"": 272, ""pct"": ""50.5%""}, {""category"": ""Hesitant (Same Channel, Multiple Touches)"", ""users"": 15, ""pct"": ""2.8%""}, {""category"": ""Cross-Channel (Comparison Shopper)"", ""users"": 252, ""pct"": ""46.8%""}, {""category"": ""Long Consideration (>14 Days)"", ""users"": 300, ""pct"": ""55.7%""}, {""category"": ""Long Consideration (>14 Days & <60 Days)"", ""users"": 239, ""pct"": ""44.3%""}, {""category"": ""Repeat Lockers (Had Prior Locks)"", ""users"": 19, ""pct"": ""3.5%""}]","[{""category"": ""One-Touch (Decisive)"", ""users"": 129, ""pct"": ""50.8%""}, {""category"": ""Hesitant (Same Channel, Multiple Touches)"", ""users"": 6, ""pct"": ""2.4%""}, {""category"": ""Cross-Channel (Comparison Shopper)"", ""users"": 119, ""pct"": ""46.9%""}, {""category"": ""Long Consideration (>14 Days)"", ""users"": 135, ""pct"": ""53.1%""}, {""category"": ""Long Consideration (>14 Days & <60 Days)"", ""users"": 108, ""pct"": ""42.5%""}, {""category"": ""Repeat Lockers (Had Prior Locks)"", ""users"": 12, ""pct"": ""4.7%""}]","[{""category"": ""One-Touch (Decisive)"", ""users"": 92, ""pct"": ""53.8%""}, {""category"": ""Hesitant (Same Channel, Multiple Touches)"", ""users"": 7, ""pct"": ""4.1%""}, {""category"": ""Cross-Channel (Comparison Shopper)"", ""users"": 72, ""pct"": ""42.1%""}, {""category"": ""Long Consideration (>14 Days)"", ""users"": 90, ""pct"": ""52.6%""}, {""category"": ""Long Consideration (>14 Days & <60 Days)"", ""users"": 69, ""pct"": ""40.4%""}, {""category"": ""Repeat Lockers (Had Prior Locks)"", ""users"": 8, ""pct"": ""4.7%""}]","[{""category"": ""One-Touch (Decisive)"", ""users"": 205, ""pct"": ""55.7%""}, {""category"": ""Hesitant (Same Channel, Multiple Touches)"", ""users"": 12, ""pct"": ""3.3%""}, {""category"": ""Cross-Channel (Comparison Shopper)"", ""users"": 151, ""pct"": ""41.0%""}, {""category"": ""Long Consideration (>14 Days)"", ""users"": 170, ""pct"": ""46.2%""}, {""category"": ""Long Consideration (>14 Days & <60 Days)"", ""users"": 131, ""pct"": ""35.6%""}, {""category"": ""Repeat Lockers (Had Prior Locks)"", ""users"": 19, ""pct"": ""5.2%""}]","[{""category"": ""One-Touch (Decisive)"", ""users"": 195, ""pct"": ""49.6%""}, {""category"": ""Hesitant (Same Channel, Multiple Touches)"", ""users"": 17, ""pct"": ""4.3%""}, {""category"": ""Cross-Channel (Comparison Shopper)"", ""users"": 181, ""pct"": ""46.1%""}, {""category"": ""Long Consideration (>14 Days)"", ""users"": 189, ""pct"": ""48.1%""}, {""category"": ""Long Consideration (>14 Days & <60 Days)"", ""users"": 142, ""pct"": ""36.1%""}, {""category"": ""Repeat Lockers (Had Prior Locks)"", ""users"": 31, ""pct"": ""7.9%""}]","[{""category"": ""One-Touch (Decisive)"", ""users"": 65, ""pct"": ""42.2%""}, {""category"": ""Hesitant (Same Channel, Multiple Touches)"", ""users"": 4, ""pct"": ""2.6%""}, {""category"": ""Cross-Channel (Comparison Shopper)"", ""users"": 85, ""pct"": ""55.2%""}, {""category"": ""Long Consideration (>14 Days)"", ""users"": 78, ""pct"": ""50.6%""}, {""category"": ""Long Consideration (>14 Days & <60 Days)"", ""users"": 59, ""pct"": ""38.3%""}, {""category"": ""Repeat Lockers (Had Prior Locks)"", ""users"": 13, ""pct"": ""8.4%""}]","[{""category"": ""One-Touch (Decisive)"", ""users"": 66, ""pct"": ""47.5%""}, {""category"": ""Hesitant (Same Channel, Multiple Touches)"", ""users"": 2, ""pct"": ""1.4%""}, {""category"": ""Cross-Channel (Comparison Shopper)"", ""users"": 71, ""pct"": ""51.1%""}, {""category"": ""Long Consideration (>14 Days)"", ""users"": 65, ""pct"": ""46.8%""}, {""category"": ""Long Consideration (>14 Days & <60 Days)"", ""users"": 50, ""pct"": ""36.0%""}, {""category"": ""Repeat Lockers (Had Prior Locks)"", ""users"": 12, ""pct"": ""8.6%""}]","[{""category"": ""One-Touch (Decisive)"", ""users"": 50, ""pct"": ""53.2%""}, {""category"": ""Hesitant (Same Channel, Multiple Touches)"", ""users"": 2, ""pct"": ""2.1%""}, {""category"": ""Cross-Channel (Comparison Shopper)"", ""users"": 42, ""pct"": ""44.7%""}, {""category"": ""Long Consideration (>14 Days)"", ""users"": 38, ""pct"": ""40.4%""}, {""category"": ""Long Consideration (>14 Days & <60 Days)"", ""users"": 29, ""pct"": ""30.9%""}, {""category"": ""Repeat Lockers (Had Prior Locks)"", ""users"": 8, ""pct"": ""8.5%""}]","[{""category"": ""One-Touch (Decisive)"", ""users"": 46, ""pct"": ""46.9%""}, {""category"": ""Hesitant (Same Channel, Multiple Touches)"", ""users"": 3, ""pct"": ""3.1%""}, {""category"": ""Cross-Channel (Comparison Shopper)"", ""users"": 49, ""pct"": ""50.0%""}, {""category"": ""Long Consideration (>14 Days)"", ""users"": 44, ""pct"": ""44.9%""}, {""category"": ""Long Consideration (>14 Days & <60 Days)"", ""users"": 33, ""pct"": ""33.7%""}, {""category"": ""Repeat Lockers (Had Prior Locks)"", ""users"": 9, ""pct"": ""9.2%""}]","[{""category"": ""One-Touch (Decisive)"", ""users"": 38, ""pct"": ""40.9%""}, {""category"": ""Hesitant (Same Channel, Multiple Touches)"", ""users"": 1, ""pct"": ""1.1%""}, {""category"": ""Cross-Channel (Comparison Shopper)"", ""users"": 54, ""pct"": ""58.1%""}, {""category"": ""Long Consideration (>14 Days)"", ""users"": 35, ""pct"": ""37.6%""}, {""category"": ""Long Consideration (>14 Days & <60 Days)"", ""users"": 27, ""pct"": ""29.0%""}, {""category"": ""Repeat Lockers (Had Prior Locks)"", ""users"": 12, ""pct"": ""12.9%""}]","[{""category"": ""One-Touch (Decisive)"", ""users"": 144, ""pct"": ""55.2%""}, {""category"": ""Hesitant (Same Channel, Multiple Touches)"", ""users"": 6, ""pct"": ""2.3%""}, {""category"": ""Cross-Channel (Comparison Shopper)"", ""users"": 111, ""pct"": ""42.5%""}, {""category"": ""Long Consideration (>14 Days)"", ""users"": 107, ""pct"": ""41.0%""}, {""category"": ""Long Consideration (>14 Days & <60 Days)"", ""users"": 78, ""pct"": ""29.9%""}, {""category"": ""Repeat Lockers (Had Prior Locks)"", ""users"": 17, ""pct"": ""6.5%""}]","[{""category"": ""One-Touch (Decisive)"", ""users"": 171, ""pct"": ""50.7%""}, {""category"": ""Hesitant (Same Channel, Multiple Touches)"", ""users"": 12, ""pct"": ""3.6%""}, {""category"": ""Cross-Channel (Comparison Shopper)"", ""users"": 154, ""pct"": ""45.7%""}, {""category"": ""Long Consideration (>14 Days)"", ""users"": 136, ""pct"": ""40.4%""}, {""category"": ""Long Consideration (>14 Days & <60 Days)"", ""users"": 102, ""pct"": ""30.3%""}, {""category"": ""Repeat Lockers (Had Prior Locks)"", ""users"": 22, ""pct"": ""6.5%""}]","[{""category"": ""One-Touch (Decisive)"", ""users"": 72, ""pct"": ""54.5%""}, {""category"": ""Hesitant (Same Channel, Multiple Touches)"", ""users"": 6, ""pct"": ""4.5%""}, {""category"": ""Cross-Channel (Comparison Shopper)"", ""users"": 54, ""pct"": ""40.9%""}, {""category"": ""Long Consideration (>14 Days)"", ""users"": 56, ""pct"": ""42.4%""}, {""category"": ""Long Consideration (>14 Days & <60 Days)"", ""users"": 45, ""pct"": ""34.1%""}, {""category"": ""Repeat Lockers (Had Prior Locks)"", ""users"": 14, ""pct"": ""10.6%""}]","[{""category"": ""One-Touch (Decisive)"", ""users"": 65, ""pct"": ""55.6%""}, {""category"": ""Hesitant (Same Channel, Multiple Touches)"", ""users"": 4, ""pct"": ""3.4%""}, {""category"": ""Cross-Channel (Comparison Shopper)"", ""users"": 48, ""pct"": ""41.0%""}, {""category"": ""Long Consideration (>14 Days)"", ""users"": 48, ""pct"": ""41.0%""}, {""category"": ""Long Consideration (>14 Days & <60 Days)"", ""users"": 37, ""pct"": ""31.6%""}, {""category"": ""Repeat Lockers (Had Prior Locks)"", ""users"": 7, ""pct"": ""6.0%""}]","[{""category"": ""One-Touch (Decisive)"", ""users"": 44, ""pct"": ""42.7%""}, {""category"": ""Hesitant (Same Channel, Multiple Touches)"", ""users"": 5, ""pct"": ""4.9%""}, {""category"": ""Cross-Channel (Comparison Shopper)"", ""users"": 54, ""pct"": ""52.4%""}, {""category"": ""Long Consideration (>14 Days)"", ""users"": 60, ""pct"": ""58.3%""}, {""category"": ""Long Consideration (>14 Days & <60 Days)"", ""users"": 49, ""pct"": ""47.6%""}, {""category"": ""Repeat Lockers (Had Prior Locks)"", ""users"": 13, ""pct"": ""12.6%""}]","[{""category"": ""One-Touch (Decisive)"", ""users"": 37, ""pct"": ""38.1%""}, {""category"": ""Hesitant (Same Channel, Multiple Touches)"", ""users"": 4, ""pct"": ""4.1%""}, {""category"": ""Cross-Channel (Comparison Shopper)"", ""users"": 56, ""pct"": ""57.7%""}, {""category"": ""Long Consideration (>14 Days)"", ""users"": 46, ""pct"": ""47.4%""}, {""category"": ""Long Consideration (>14 Days & <60 Days)"", ""users"": 35, ""pct"": ""36.1%""}, {""category"": ""Repeat Lockers (Had Prior Locks)"", ""users"": 13, ""pct"": ""13.4%""}]","[{""category"": ""One-Touch (Decisive)"", ""users"": 47, ""pct"": ""48.5%""}, {""category"": ""Hesitant (Same Channel, Multiple Touches)"", ""users"": 1, ""pct"": ""1.0%""}, {""category"": ""Cross-Channel (Comparison Shopper)"", ""users"": 49, ""pct"": ""50.5%""}, {""category"": ""Long Consideration (>14 Days)"", ""users"": 44, ""pct"": ""45.4%""}, {""category"": ""Long Consideration (>14 Days & <60 Days)"", ""users"": 37, ""pct"": ""38.1%""}, {""category"": ""Repeat Lockers (Had Prior Locks)"", ""users"": 8, ""pct"": ""8.2%""}]","[{""category"": ""One-Touch (Decisive)"", ""users"": 134, ""pct"": ""49.4%""}, {""category"": ""Hesitant (Same Channel, Multiple Touches)"", ""users"": 9, ""pct"": ""3.3%""}, {""category"": ""Cross-Channel (Comparison Shopper)"", ""users"": 128, ""pct"": ""47.2%""}, {""category"": ""Long Consideration (>14 Days)"", ""users"": 142, ""pct"": ""52.4%""}, {""category"": ""Long Consideration (>14 Days & <60 Days)"", ""users"": 102, ""pct"": ""37.6%""}, {""category"": ""Repeat Lockers (Had Prior Locks)"", ""users"": 26, ""pct"": ""9.6%""}]","[{""category"": ""One-Touch (Decisive)"", ""users"": 128, ""pct"": ""47.2%""}, {""category"": ""Hesitant (Same Channel, Multiple Touches)"", ""users"": 11, ""pct"": ""4.1%""}, {""category"": ""Cross-Channel (Comparison Shopper)"", ""users"": 132, ""pct"": ""48.7%""}, {""category"": ""Long Consideration (>14 Days)"", ""users"": 154, ""pct"": ""56.8%""}, {""category"": ""Long Consideration (>14 Days & <60 Days)"", ""users"": 118, ""pct"": ""43.5%""}, {""category"": ""Repeat Lockers (Had Prior Locks)"", ""users"": 30, ""pct"": ""11.1%""}]","[{""category"": ""One-Touch (Decisive)"", ""users"": 139, ""pct"": ""55.2%""}, {""category"": ""Hesitant (Same Channel, Multiple Touches)"", ""users"": 13, ""pct"": ""5.2%""}, {""category"": ""Cross-Channel (Comparison Shopper)"", ""users"": 100, ""pct"": ""39.7%""}, {""category"": ""Long Consideration (>14 Days)"", ""users"": 122, ""pct"": ""48.4%""}, {""category"": ""Long Consideration (>14 Days & <60 Days)"", ""users"": 95, ""pct"": ""37.7%""}, {""category"": ""Repeat Lockers (Had Prior Locks)"", ""users"": 20, ""pct"": ""7.9%""}]","[{""category"": ""One-Touch (Decisive)"", ""users"": 52, ""pct"": ""48.1%""}, {""category"": ""Hesitant (Same Channel, Multiple Touches)"", ""users"": 4, ""pct"": ""3.7%""}, {""category"": ""Cross-Channel (Comparison Shopper)"", ""users"": 52, ""pct"": ""48.1%""}, {""category"": ""Long Consideration (>14 Days)"", ""users"": 47, ""pct"": ""43.5%""}, {""category"": ""Long Consideration (>14 Days & <60 Days)"", ""users"": 37, ""pct"": ""34.3%""}, {""category"": ""Repeat Lockers (Had Prior Locks)"", ""users"": 7, ""pct"": ""6.5%""}]","[{""category"": ""One-Touch (Decisive)"", ""users"": 44, ""pct"": ""41.5%""}, {""category"": ""Hesitant (Same Channel, Multiple Touches)"", ""users"": 0, ""pct"": ""0.0%""}, {""category"": ""Cross-Channel (Comparison Shopper)"", ""users"": 62, ""pct"": ""58.5%""}, {""category"": ""Long Consideration (>14 Days)"", ""users"": 54, ""pct"": ""50.9%""}, {""category"": ""Long Consideration (>14 Days & <60 Days)"", ""users"": 46, ""pct"": ""43.4%""}, {""category"": ""Repeat Lockers (Had Prior Locks)"", ""users"": 12, ""pct"": ""11.3%""}]","[{""category"": ""One-Touch (Decisive)"", ""users"": 68, ""pct"": ""58.6%""}, {""category"": ""Hesitant (Same Channel, Multiple Touches)"", ""users"": 5, ""pct"": ""4.3%""}, {""category"": ""Cross-Channel (Comparison Shopper)"", ""users"": 43, ""pct"": ""37.1%""}, {""category"": ""Long Consideration (>14 Days)"", ""users"": 53, ""pct"": ""45.7%""}, {""category"": ""Long Consideration (>14 Days & <60 Days)"", ""users"": 37, ""pct"": ""31.9%""}, {""category"": ""Repeat Lockers (Had Prior Locks)"", ""users"": 9, ""pct"": ""7.8%""}]","[{""category"": ""One-Touch (Decisive)"", ""users"": 49, ""pct"": ""52.7%""}, {""category"": ""Hesitant (Same Channel, Multiple Touches)"", ""users"": 4, ""pct"": ""4.3%""}, {""category"": ""Cross-Channel (Comparison Shopper)"", ""users"": 40, ""pct"": ""43.0%""}, {""category"": ""Long Consideration (>14 Days)"", ""users"": 41, ""pct"": ""44.1%""}, {""category"": ""Long Consideration (>14 Days & <60 Days)"", ""users"": 32, ""pct"": ""34.4%""}, {""category"": ""Repeat Lockers (Had Prior Locks)"", ""users"": 9, ""pct"": ""9.7%""}]","[{""category"": ""One-Touch (Decisive)"", ""users"": 146, ""pct"": ""54.7%""}, {""category"": ""Hesitant (Same Channel, Multiple Touches)"", ""users"": 11, ""pct"": ""4.1%""}, {""category"": ""Cross-Channel (Comparison Shopper)"", ""users"": 110, ""pct"": ""41.2%""}, {""category"": ""Long Consideration (>14 Days)"", ""users"": 110, ""pct"": ""41.2%""}, {""category"": ""Long Consideration (>14 Days & <60 Days)"", ""users"": 83, ""pct"": ""31.1%""}, {""category"": ""Repeat Lockers (Had Prior Locks)"", ""users"": 16, ""pct"": ""6.0%""}]","[{""category"": ""One-Touch (Decisive)"", ""users"": 132, ""pct"": ""48.2%""}, {""category"": ""Hesitant (Same Channel, Multiple Touches)"", ""users"": 10, ""pct"": ""3.6%""}, {""category"": ""Cross-Channel (Comparison Shopper)"", ""users"": 132, ""pct"": ""48.2%""}, {""category"": ""Long Consideration (>14 Days)"", ""users"": 129, ""pct"": ""47.1%""}, {""category"": ""Long Consideration (>14 Days & <60 Days)"", ""users"": 91, ""pct"": ""33.2%""}, {""category"": ""Repeat Lockers (Had Prior Locks)"", ""users"": 34, ""pct"": ""12.4%""}]","[{""category"": ""One-Touch (Decisive)"", ""users"": 72, ""pct"": ""53.3%""}, {""category"": ""Hesitant (Same Channel, Multiple Touches)"", ""users"": 0, ""pct"": ""0.0%""}, {""category"": ""Cross-Channel (Comparison Shopper)"", ""users"": 63, ""pct"": ""46.7%""}, {""category"": ""Long Consideration (>14 Days)"", ""users"": 54, ""pct"": ""40.0%""}, {""category"": ""Long Consideration (>14 Days & <60 Days)"", ""users"": 39, ""pct"": ""28.9%""}, {""category"": ""Repeat Lockers (Had Prior Locks)"", ""users"": 9, ""pct"": ""6.7%""}]","[{""category"": ""One-Touch (Decisive)"", ""users"": 64, ""pct"": ""49.2%""}, {""category"": ""Hesitant (Same Channel, Multiple Touches)"", ""users"": 5, ""pct"": ""3.8%""}, {""category"": ""Cross-Channel (Comparison Shopper)"", ""users"": 61, ""pct"": ""46.9%""}, {""category"": ""Long Consideration (>14 Days)"", ""users"": 44, ""pct"": ""33.8%""}, {""category"": ""Long Consideration (>14 Days & <60 Days)"", ""users"": 38, ""pct"": ""29.2%""}, {""category"": ""Repeat Lockers (Had Prior Locks)"", ""users"": 9, ""pct"": ""6.9%""}]","[{""category"": ""One-Touch (Decisive)"", ""users"": 67, ""pct"": ""51.1%""}, {""category"": ""Hesitant (Same Channel, Multiple Touches)"", ""users"": 3, ""pct"": ""2.3%""}, {""category"": ""Cross-Channel (Comparison Shopper)"", ""users"": 61, ""pct"": ""46.6%""}, {""category"": ""Long Consideration (>14 Days)"", ""users"": 52, ""pct"": ""39.7%""}, {""category"": ""Long Consideration (>14 Days & <60 Days)"", ""users"": 39, ""pct"": ""29.8%""}, {""category"": ""Repeat Lockers (Had Prior Locks)"", ""users"": 11, ""pct"": ""8.4%""}]","[{""category"": ""One-Touch (Decisive)"", ""users"": 67, ""pct"": ""53.6%""}, {""category"": ""Hesitant (Same Channel, Multiple Touches)"", ""users"": 5, ""pct"": ""4.0%""}, {""category"": ""Cross-Channel (Comparison Shopper)"", ""users"": 53, ""pct"": ""42.4%""}, {""category"": ""Long Consideration (>14 Days)"", ""users"": 50, ""pct"": ""40.0%""}, {""category"": ""Long Consideration (>14 Days & <60 Days)"", ""users"": 32, ""pct"": ""25.6%""}, {""category"": ""Repeat Lockers (Had Prior Locks)"", ""users"": 10, ""pct"": ""8.0%""}]","[{""category"": ""One-Touch (Decisive)"", ""users"": 62, ""pct"": ""49.6%""}, {""category"": ""Hesitant (Same Channel, Multiple Touches)"", ""users"": 4, ""pct"": ""3.2%""}, {""category"": ""Cross-Channel (Comparison Shopper)"", ""users"": 59, ""pct"": ""47.2%""}, {""category"": ""Long Consideration (>14 Days)"", ""users"": 48, ""pct"": ""38.4%""}, {""category"": ""Long Consideration (>14 Days & <60 Days)"", ""users"": 32, ""pct"": ""25.6%""}, {""category"": ""Repeat Lockers (Had Prior Locks)"", ""users"": 8, ""pct"": ""6.4%""}]","[{""category"": ""One-Touch (Decisive)"", ""users"": 196, ""pct"": ""50.0%""}, {""category"": ""Hesitant (Same Channel, Multiple Touches)"", ""users"": 13, ""pct"": ""3.3%""}, {""category"": ""Cross-Channel (Comparison Shopper)"", ""users"": 183, ""pct"": ""46.7%""}, {""category"": ""Long Consideration (>14 Days)"", ""users"": 164, ""pct"": ""41.8%""}, {""category"": ""Long Consideration (>14 Days & <60 Days)"", ""users"": 115, ""pct"": ""29.3%""}, {""category"": ""Repeat Lockers (Had Prior Locks)"", ""users"": 35, ""pct"": ""8.9%""}]","[{""category"": ""One-Touch (Decisive)"", ""users"": 237, ""pct"": ""53.4%""}, {""category"": ""Hesitant (Same Channel, Multiple Touches)"", ""users"": 19, ""pct"": ""4.3%""}, {""category"": ""Cross-Channel (Comparison Shopper)"", ""users"": 188, ""pct"": ""42.3%""}, {""category"": ""Long Consideration (>14 Days)"", ""users"": 169, ""pct"": ""38.1%""}, {""category"": ""Long Consideration (>14 Days & <60 Days)"", ""users"": 110, ""pct"": ""24.8%""}, {""category"": ""Repeat Lockers (Had Prior Locks)"", ""users"": 30, ""pct"": ""6.8%""}]"
归因分析.跨渠道锁单用户主要助攻渠道Top5,"[{""assist_channel"": ""心愿单"", ""assist_touches"": 132, ""pct"": ""10.9%""}, {""assist_channel"": ""APP"", ""assist_touches"": 122, ""pct"": ""10.1%""}, {""assist_channel"": ""自然客流"", ""assist_touches"": 101, ""pct"": ""8.4%""}, {""assist_channel"": ""战败激活"", ""assist_touches"": 77, ""pct"": ""6.4%""}, {""assist_channel"": ""抖音-矩阵"", ""assist_touches"": 74, ""pct"": ""6.1%""}]","[{""assist_channel"": ""心愿单"", ""assist_touches"": 71, ""pct"": ""13.4%""}, {""assist_channel"": ""APP"", ""assist_touches"": 41, ""pct"": ""7.7%""}, {""assist_channel"": ""抖音-矩阵"", ""assist_touches"": 35, ""pct"": ""6.6%""}, {""assist_channel"": ""战败激活"", ""assist_touches"": 34, ""pct"": ""6.4%""}, {""assist_channel"": ""自然客流"", ""assist_touches"": 30, ""pct"": ""5.6%""}]","[{""assist_channel"": ""心愿单"", ""assist_touches"": 36, ""pct"": ""13.4%""}, {""assist_channel"": ""自然客流"", ""assist_touches"": 21, ""pct"": ""7.8%""}, {""assist_channel"": ""APP"", ""assist_touches"": 19, ""pct"": ""7.1%""}, {""assist_channel"": ""APP行为激活"", ""assist_touches"": 19, ""pct"": ""7.1%""}, {""assist_channel"": ""战败激活"", ""assist_touches"": 16, ""pct"": ""5.9%""}]","[{""assist_channel"": ""心愿单"", ""assist_touches"": 25, ""pct"": ""12.3%""}, {""assist_channel"": ""APP-试乘试驾"", ""assist_touches"": 22, ""pct"": ""10.8%""}, {""assist_channel"": ""APP"", ""assist_touches"": 16, ""pct"": ""7.9%""}, {""assist_channel"": ""自然客流"", ""assist_touches"": 15, ""pct"": ""7.4%""}, {""assist_channel"": ""新媒体-抖音"", ""assist_touches"": 12, ""pct"": ""5.9%""}]","[{""assist_channel"": ""自然客流"", ""assist_touches"": 39, ""pct"": ""11.9%""}, {""assist_channel"": ""心愿单"", ""assist_touches"": 36, ""pct"": ""10.9%""}, {""assist_channel"": ""APP"", ""assist_touches"": 25, ""pct"": ""7.6%""}, {""assist_channel"": ""新媒体-抖音"", ""assist_touches"": 23, ""pct"": ""7.0%""}, {""assist_channel"": ""战败激活"", ""assist_touches"": 17, ""pct"": ""5.2%""}]","[{""assist_channel"": ""心愿单"", ""assist_touches"": 53, ""pct"": ""12.0%""}, {""assist_channel"": ""自然客流"", ""assist_touches"": 50, ""pct"": ""11.3%""}, {""assist_channel"": ""战败激活"", ""assist_touches"": 34, ""pct"": ""7.7%""}, {""assist_channel"": ""APP"", ""assist_touches"": 33, ""pct"": ""7.4%""}, {""assist_channel"": ""抖音-矩阵"", ""assist_touches"": 21, ""pct"": ""4.7%""}]","[{""assist_channel"": ""自然客流"", ""assist_touches"": 41, ""pct"": ""18.1%""}, {""assist_channel"": ""心愿单"", ""assist_touches"": 24, ""pct"": ""10.6%""}, {""assist_channel"": ""APP"", ""assist_touches"": 15, ""pct"": ""6.6%""}, {""assist_channel"": ""战败激活"", ""assist_touches"": 13, ""pct"": ""5.7%""}, {""assist_channel"": ""直接大定"", ""assist_touches"": 10, ""pct"": ""4.4%""}]","[{""assist_channel"": ""自然客流"", ""assist_touches"": 21, ""pct"": ""11.8%""}, {""assist_channel"": ""APP"", ""assist_touches"": 19, ""pct"": ""10.7%""}, {""assist_channel"": ""心愿单"", ""assist_touches"": 16, ""pct"": ""9.0%""}, {""assist_channel"": ""战败激活"", ""assist_touches"": 13, ""pct"": ""7.3%""}, {""assist_channel"": ""汽车之家车商汇"", ""assist_touches"": 9, ""pct"": ""5.1%""}]","[{""assist_channel"": ""自然客流"", ""assist_touches"": 15, ""pct"": ""11.9%""}, {""assist_channel"": ""战败激活"", ""assist_touches"": 12, ""pct"": ""9.5%""}, {""assist_channel"": ""心愿单"", ""assist_touches"": 9, ""pct"": ""7.1%""}, {""assist_channel"": ""APP"", ""assist_touches"": 9, ""pct"": ""7.1%""}, {""assist_channel"": ""直接大定"", ""assist_touches"": 7, ""pct"": ""5.6%""}]","[{""assist_channel"": ""自然客流"", ""assist_touches"": 14, ""pct"": ""12.2%""}, {""assist_channel"": ""心愿单"", ""assist_touches"": 11, ""pct"": ""9.6%""}, {""assist_channel"": ""抖音-矩阵"", ""assist_touches"": 9, ""pct"": ""7.8%""}, {""assist_channel"": ""战败激活"", ""assist_touches"": 9, ""pct"": ""7.8%""}, {""assist_channel"": ""APP"", ""assist_touches"": 8, ""pct"": ""7.0%""}]","[{""assist_channel"": ""心愿单"", ""assist_touches"": 17, ""pct"": ""11.3%""}, {""assist_channel"": ""抖音-矩阵"", ""assist_touches"": 15, ""pct"": ""10.0%""}, {""assist_channel"": ""战败激活"", ""assist_touches"": 11, ""pct"": ""7.3%""}, {""assist_channel"": ""APP"", ""assist_touches"": 9, ""pct"": ""6.0%""}, {""assist_channel"": ""自然客流"", ""assist_touches"": 9, ""pct"": ""6.0%""}]","[{""assist_channel"": ""自然客流"", ""assist_touches"": 37, ""pct"": ""14.4%""}, {""assist_channel"": ""心愿单"", ""assist_touches"": 19, ""pct"": ""7.4%""}, {""assist_channel"": ""APP"", ""assist_touches"": 18, ""pct"": ""7.0%""}, {""assist_channel"": ""战败激活"", ""assist_touches"": 17, ""pct"": ""6.6%""}, {""assist_channel"": ""懂车帝卖车通"", ""assist_touches"": 13, ""pct"": ""5.1%""}]","[{""assist_channel"": ""自然客流"", ""assist_touches"": 39, ""pct"": ""8.8%""}, {""assist_channel"": ""战败激活"", ""assist_touches"": 38, ""pct"": ""8.6%""}, {""assist_channel"": ""心愿单"", ""assist_touches"": 38, ""pct"": ""8.6%""}, {""assist_channel"": ""APP"", ""assist_touches"": 29, ""pct"": ""6.6%""}, {""assist_channel"": ""抖音-矩阵"", ""assist_touches"": 21, ""pct"": ""4.8%""}]","[{""assist_channel"": ""自然客流"", ""assist_touches"": 15, ""pct"": ""9.7%""}, {""assist_channel"": ""心愿单"", ""assist_touches"": 15, ""pct"": ""9.7%""}, {""assist_channel"": ""APP"", ""assist_touches"": 10, ""pct"": ""6.5%""}, {""assist_channel"": ""APP-试乘试驾"", ""assist_touches"": 8, ""pct"": ""5.2%""}, {""assist_channel"": ""汽车之家车商汇"", ""assist_touches"": 7, ""pct"": ""4.5%""}]","[{""assist_channel"": ""APP"", ""assist_touches"": 11, ""pct"": ""12.1%""}, {""assist_channel"": ""自然客流"", ""assist_touches"": 10, ""pct"": ""11.0%""}, {""assist_channel"": ""心愿单"", ""assist_touches"": 7, ""pct"": ""7.7%""}, {""assist_channel"": ""懂车帝卖车通"", ""assist_touches"": 6, ""pct"": ""6.6%""}, {""assist_channel"": ""抖音-矩阵"", ""assist_touches"": 5, ""pct"": ""5.5%""}]","[{""assist_channel"": ""心愿单"", ""assist_touches"": 18, ""pct"": ""11.9%""}, {""assist_channel"": ""自然客流"", ""assist_touches"": 16, ""pct"": ""10.6%""}, {""assist_channel"": ""APP"", ""assist_touches"": 13, ""pct"": ""8.6%""}, {""assist_channel"": ""APP行为激活"", ""assist_touches"": 12, ""pct"": ""7.9%""}, {""assist_channel"": ""Popup（门店）"", ""assist_touches"": 8, ""pct"": ""5.3%""}]","[{""assist_channel"": ""自然客流"", ""assist_touches"": 18, ""pct"": ""12.3%""}, {""assist_channel"": ""战败激活"", ""assist_touches"": 14, ""pct"": ""9.6%""}, {""assist_channel"": ""心愿单"", ""assist_touches"": 10, ""pct"": ""6.8%""}, {""assist_channel"": ""APP"", ""assist_touches"": 9, ""pct"": ""6.2%""}, {""assist_channel"": ""汽车之家车商汇"", ""assist_touches"": 8, ""pct"": ""5.5%""}]","[{""assist_channel"": ""APP-试乘试驾"", ""assist_touches"": 16, ""pct"": ""13.4%""}, {""assist_channel"": ""APP"", ""assist_touches"": 13, ""pct"": ""10.9%""}, {""assist_channel"": ""自然客流"", ""assist_touches"": 8, ""pct"": ""6.7%""}, {""assist_channel"": ""用户裂变"", ""assist_touches"": 7, ""pct"": ""5.9%""}, {""assist_channel"": ""微信小程序-试乘试驾"", ""assist_touches"": 6, ""pct"": ""5.0%""}]","[{""assist_channel"": ""自然客流"", ""assist_touches"": 36, ""pct"": ""11.3%""}, {""assist_channel"": ""心愿单"", ""assist_touches"": 35, ""pct"": ""11.0%""}, {""assist_channel"": ""APP"", ""assist_touches"": 27, ""pct"": ""8.5%""}, {""assist_channel"": ""战败激活"", ""assist_touches"": 22, ""pct"": ""6.9%""}, {""assist_channel"": ""抖音-矩阵"", ""assist_touches"": 17, ""pct"": ""5.3%""}]","[{""assist_channel"": ""心愿单"", ""assist_touches"": 53, ""pct"": ""13.8%""}, {""assist_channel"": ""自然客流"", ""assist_touches"": 43, ""pct"": ""11.2%""}, {""assist_channel"": ""APP"", ""assist_touches"": 34, ""pct"": ""8.9%""}, {""assist_channel"": ""抖音-矩阵"", ""assist_touches"": 27, ""pct"": ""7.0%""}, {""assist_channel"": ""APP行为激活"", ""assist_touches"": 20, ""pct"": ""5.2%""}]","[{""assist_channel"": ""自然客流"", ""assist_touches"": 34, ""pct"": ""13.5%""}, {""assist_channel"": ""心愿单"", ""assist_touches"": 30, ""pct"": ""11.9%""}, {""assist_channel"": ""APP"", ""assist_touches"": 15, ""pct"": ""6.0%""}, {""assist_channel"": ""Popup（门店）"", ""assist_touches"": 14, ""pct"": ""5.6%""}, {""assist_channel"": ""抖音-矩阵"", ""assist_touches"": 13, ""pct"": ""5.2%""}]","[{""assist_channel"": ""自然客流"", ""assist_touches"": 17, ""pct"": ""12.0%""}, {""assist_channel"": ""心愿单"", ""assist_touches"": 13, ""pct"": ""9.2%""}, {""assist_channel"": ""新媒体-抖音"", ""assist_touches"": 9, ""pct"": ""6.3%""}, {""assist_channel"": ""APP"", ""assist_touches"": 9, ""pct"": ""6.3%""}, {""assist_channel"": ""懂车帝卖车通"", ""assist_touches"": 7, ""pct"": ""4.9%""}]","[{""assist_channel"": ""心愿单"", ""assist_touches"": 25, ""pct"": ""15.2%""}, {""assist_channel"": ""APP"", ""assist_touches"": 21, ""pct"": ""12.8%""}, {""assist_channel"": ""自然客流"", ""assist_touches"": 17, ""pct"": ""10.4%""}, {""assist_channel"": ""Popup（门店）"", ""assist_touches"": 9, ""pct"": ""5.5%""}, {""assist_channel"": ""抖音-矩阵"", ""assist_touches"": 7, ""pct"": ""4.3%""}]","[{""assist_channel"": ""心愿单"", ""assist_touches"": 12, ""pct"": ""9.1%""}, {""assist_channel"": ""自然客流"", ""assist_touches"": 11, ""pct"": ""8.3%""}, {""assist_channel"": ""APP"", ""assist_touches"": 10, ""pct"": ""7.6%""}, {""assist_channel"": ""战败激活"", ""assist_touches"": 10, ""pct"": ""7.6%""}, {""assist_channel"": ""抖音-矩阵"", ""assist_touches"": 9, ""pct"": ""6.8%""}]","[{""assist_channel"": ""自然客流"", ""assist_touches"": 13, ""pct"": ""14.6%""}, {""assist_channel"": ""新媒体-抖音"", ""assist_touches"": 8, ""pct"": ""9.0%""}, {""assist_channel"": ""战败激活"", ""assist_touches"": 7, ""pct"": ""7.9%""}, {""assist_channel"": ""抖音-矩阵"", ""assist_touches"": 6, ""pct"": ""6.7%""}, {""assist_channel"": ""APP-试乘试驾"", ""assist_touches"": 5, ""pct"": ""5.6%""}]","[{""assist_channel"": ""自然客流"", ""assist_touches"": 40, ""pct"": ""14.2%""}, {""assist_channel"": ""战败激活"", ""assist_touches"": 23, ""pct"": ""8.2%""}, {""assist_channel"": ""Popup（门店）"", ""assist_touches"": 21, ""pct"": ""7.5%""}, {""assist_channel"": ""抖音-矩阵"", ""assist_touches"": 20, ""pct"": ""7.1%""}, {""assist_channel"": ""心愿单"", ""assist_touches"": 18, ""pct"": ""6.4%""}]","[{""assist_channel"": ""自然客流"", ""assist_touches"": 45, ""pct"": ""13.3%""}, {""assist_channel"": ""心愿单"", ""assist_touches"": 39, ""pct"": ""11.5%""}, {""assist_channel"": ""Popup（门店）"", ""assist_touches"": 29, ""pct"": ""8.6%""}, {""assist_channel"": ""APP"", ""assist_touches"": 19, ""pct"": ""5.6%""}, {""assist_channel"": ""新媒体-抖音"", ""assist_touches"": 18, ""pct"": ""5.3%""}]","[{""assist_channel"": ""自然客流"", ""assist_touches"": 19, ""pct"": ""15.7%""}, {""assist_channel"": ""抖音-矩阵"", ""assist_touches"": 13, ""pct"": ""10.7%""}, {""assist_channel"": ""Popup（门店）"", ""assist_touches"": 10, ""pct"": ""8.3%""}, {""assist_channel"": ""战败激活"", ""assist_touches"": 9, ""pct"": ""7.4%""}, {""assist_channel"": ""心愿单"", ""assist_touches"": 9, ""pct"": ""7.4%""}]","[{""assist_channel"": ""懂车帝卖车通"", ""assist_touches"": 12, ""pct"": ""10.3%""}, {""assist_channel"": ""抖音-矩阵"", ""assist_touches"": 11, ""pct"": ""9.5%""}, {""assist_channel"": ""心愿单"", ""assist_touches"": 8, ""pct"": ""6.9%""}, {""assist_channel"": ""APP"", ""assist_touches"": 8, ""pct"": ""6.9%""}, {""assist_channel"": ""自然客流"", ""assist_touches"": 7, ""pct"": ""6.0%""}]","[{""assist_channel"": ""心愿单"", ""assist_touches"": 23, ""pct"": ""12.9%""}, {""assist_channel"": ""APP"", ""assist_touches"": 18, ""pct"": ""10.1%""}, {""assist_channel"": ""自然客流"", ""assist_touches"": 14, ""pct"": ""7.9%""}, {""assist_channel"": ""抖音-矩阵"", ""assist_touches"": 13, ""pct"": ""7.3%""}, {""assist_channel"": ""战败激活"", ""assist_touches"": 13, ""pct"": ""7.3%""}]","[{""assist_channel"": ""自然客流"", ""assist_touches"": 20, ""pct"": ""15.7%""}, {""assist_channel"": ""抖音-矩阵"", ""assist_touches"": 10, ""pct"": ""7.9%""}, {""assist_channel"": ""APP"", ""assist_touches"": 9, ""pct"": ""7.1%""}, {""assist_channel"": ""心愿单"", ""assist_touches"": 8, ""pct"": ""6.3%""}, {""assist_channel"": ""新媒体-抖音"", ""assist_touches"": 7, ""pct"": ""5.5%""}]","[{""assist_channel"": ""自然客流"", ""assist_touches"": 24, ""pct"": ""17.4%""}, {""assist_channel"": ""心愿单"", ""assist_touches"": 11, ""pct"": ""8.0%""}, {""assist_channel"": ""新媒体-抖音"", ""assist_touches"": 10, ""pct"": ""7.2%""}, {""assist_channel"": ""APP"", ""assist_touches"": 10, ""pct"": ""7.2%""}, {""assist_channel"": ""抖音-矩阵"", ""assist_touches"": 10, ""pct"": ""7.2%""}]","[{""assist_channel"": ""心愿单"", ""assist_touches"": 71, ""pct"": ""15.5%""}, {""assist_channel"": ""自然客流"", ""assist_touches"": 59, ""pct"": ""12.9%""}, {""assist_channel"": ""APP"", ""assist_touches"": 29, ""pct"": ""6.3%""}, {""assist_channel"": ""抖音-矩阵"", ""assist_touches"": 27, ""pct"": ""5.9%""}, {""assist_channel"": ""战败激活"", ""assist_touches"": 24, ""pct"": ""5.2%""}]","[{""assist_channel"": ""自然客流"", ""assist_touches"": 46, ""pct"": ""10.9%""}, {""assist_channel"": ""APP"", ""assist_touches"": 34, ""pct"": ""8.1%""}, {""assist_channel"": ""战败激活"", ""assist_touches"": 30, ""pct"": ""7.1%""}, {""assist_channel"": ""抖音-矩阵"", ""assist_touches"": 24, ""pct"": ""5.7%""}, {""assist_channel"": ""新媒体-抖音"", ""assist_touches"": 23, ""pct"": ""5.5%""}]"
下发线索转化率.下发线索数,12031,9774,10910,10178,10591,11351,9065,8328,8018,7835,8544,8635,9170,10238,10838,9769,9219,9298,10112,11542,11072,9692,10536,9832,9709,10719,10600,8837,8665,9094,10505,11036,11677,11864
下发线索转化率.下发线索数 (门店),1934,1130,1220,1324,1863,1824,1210,1063,973,1201,1511,1963,2199,1392,1571,1514,1521,1454,2005,1905,2045,1407,1491,1475,1658,2117,2256,1452,1419,1449,1494,1382,2055,2041
下发线索转化率.下发线索数（直播）,1058,968,982,979,573,946,773,781,655,860,675,647,630,519,408,390,456,444,645,736,776,676,510,652,593,622,591,671,486,486,529,449,529,486
下发线索转化率.下发线索数（平台),5391,4539,4160,4054,4391,4264,4479,4036,4005,3741,3881,3566,3623,4425,3675,3830,4276,3594,2980,3706,3995,4090,4259,4132,4298,4684,4571,4299,4069,4309,4456,4275,4442,4196
下发线索转化率.下发线索当日试驾数,372,447,348,425,896,871,349,378,310,325,399,855,762,836,1373,1110,1044,961,808,842,910,884,1035,1034,860,828,914,718,615,660,710,714,846,864
下发线索转化率.下发 (门店)线索当日锁单数,49,13,24,14,29,24,11,15,13,19,12,35,58,25,17,15,16,16,46,23,50,32,12,21,21,47,47,24,25,21,25,23,73,75
下发线索转化率.下发线索 7 日锁单数,242,58,46,41,93,82,42,44,40,43,53,92,118,69,57,46,52,68,98,91,119,66,52,63,66,131,124,74,72,87,85,92,190,215
下发线索转化率.下发线索 30 日锁单数,606,71,60,60,117,94,57,55,47,56,68,113,135,84,76,61,68,88,124,127,146,86,69,84,93,157,143,92,85,103,100,108,212,241
下发线索转化率.下发门店数,404,395,398,395,397,394,395,393,391,389,397,397,399,396,399,400,400,400,395,397,399,402,398,399,398,402,400,391,392,399,401,395,399,404
下发线索转化率.门店线索占比,16.1%,11.6%,11.2%,13.0%,17.6%,16.1%,13.3%,12.8%,12.1%,15.3%,17.7%,22.7%,24.0%,13.6%,14.5%,15.5%,16.5%,15.6%,19.8%,16.5%,18.5%,14.5%,14.2%,15.0%,17.1%,19.7%,21.3%,16.4%,16.4%,15.9%,14.2%,12.5%,17.6%,17.2%
下发线索转化率.下发线索当日试驾率,3.1%,4.6%,3.2%,4.2%,8.5%,7.7%,3.8%,4.5%,3.9%,4.1%,4.7%,9.9%,8.3%,8.2%,12.7%,11.4%,11.3%,10.3%,8.0%,7.3%,8.2%,9.1%,9.8%,10.5%,8.9%,7.7%,8.6%,8.1%,7.1%,7.3%,6.8%,6.5%,7.2%,7.3%
下发线索转化率.下发 (门店)线索当日锁单率,2.5%,1.2%,2.0%,1.1%,1.6%,1.3%,0.9%,1.4%,1.3%,1.6%,0.8%,1.8%,2.6%,1.8%,1.1%,1.0%,1.1%,1.1%,2.3%,1.2%,2.4%,2.3%,0.8%,1.4%,1.3%,2.2%,2.1%,1.7%,1.8%,1.4%,1.7%,1.7%,3.6%,3.7%
下发线索转化率.下发线索当7日锁单率,2.0%,0.6%,0.4%,0.4%,0.9%,0.7%,0.5%,0.5%,0.5%,0.5%,0.6%,1.1%,1.3%,0.7%,0.5%,0.5%,0.6%,0.7%,1.0%,0.8%,1.1%,0.7%,0.5%,0.6%,0.7%,1.2%,1.2%,0.8%,0.8%,1.0%,0.8%,0.8%,1.6%,1.8%
下发线索转化率.下发线索当30日锁单率,5.0%,0.7%,0.5%,0.6%,1.1%,0.8%,0.6%,0.7%,0.6%,0.7%,0.8%,1.3%,1.5%,0.8%,0.7%,0.6%,0.7%,0.9%,1.2%,1.1%,1.3%,0.9%,0.7%,0.9%,1.0%,1.5%,1.3%,1.0%,1.0%,1.1%,1.0%,1.0%,1.8%,2.0%
下发线索转化率.下发线索数（门店)7日锁单率,5.5%,2.3%,2.3%,1.7%,2.1%,1.6%,1.4%,2.3%,2.0%,2.1%,1.1%,2.1%,2.9%,2.3%,1.7%,1.3%,1.1%,1.7%,2.7%,1.7%,3.1%,2.8%,1.2%,1.8%,1.6%,2.7%,2.5%,2.5%,2.5%,2.3%,2.3%,2.5%,3.9%,4.4%
下发线索转化率.下发线索数（直播)7日锁单率,0.2%,0.2%,0.0%,0.0%,0.2%,0.2%,0.4%,0.0%,0.0%,0.3%,0.0%,0.5%,0.2%,0.6%,0.2%,1.0%,0.2%,0.9%,0.2%,0.1%,0.5%,0.3%,0.4%,0.8%,0.5%,0.2%,0.2%,0.0%,0.4%,0.8%,0.9%,0.7%,0.9%,1.4%
下发线索转化率.下发线索数（平台)7日锁单率,0.9%,0.3%,0.2%,0.2%,0.5%,0.5%,0.3%,0.2%,0.3%,0.2%,0.4%,0.6%,1.2%,0.4%,0.5%,0.3%,0.4%,0.4%,0.5%,0.7%,0.6%,0.3%,0.4%,0.3%,0.5%,1.0%,0.9%,0.5%,0.5%,0.6%,0.6%,0.7%,1.4%,1.8%
下发线索转化率.下发线索数（门店)30日锁单率,13.1%,2.4%,2.5%,2.0%,2.7%,1.9%,1.6%,2.5%,2.1%,2.7%,1.5%,2.6%,3.5%,2.6%,2.0%,1.7%,1.4%,2.0%,3.3%,2.2%,3.7%,3.0%,1.3%,2.4%,1.8%,3.3%,2.8%,3.0%,2.9%,2.8%,2.8%,2.7%,4.4%,5.1%
下发线索转化率.下发线索数（直播)30日锁单率,0.2%,0.2%,0.1%,0.2%,0.3%,0.3%,0.4%,0.1%,0.3%,0.5%,0.1%,0.6%,0.3%,0.8%,0.2%,1.0%,0.4%,1.8%,0.2%,0.3%,0.8%,0.4%,0.8%,1.5%,0.7%,0.3%,0.3%,0.1%,0.4%,1.0%,0.9%,1.1%,1.1%,1.9%
下发线索转化率.下发线索数（平台)30日锁单率,1.7%,0.5%,0.3%,0.4%,0.6%,0.5%,0.3%,0.4%,0.3%,0.3%,0.5%,0.6%,1.3%,0.5%,0.7%,0.4%,0.5%,0.7%,0.8%,1.0%,0.8%,0.5%,0.5%,0.5%,0.6%,1.1%,1.0%,0.6%,0.6%,0.7%,0.7%,0.9%,1.6%,1.9%
下发线索转化率.下发 (门店)线索当日锁单数_字段来源,下发线索当日锁单数 (门店),下发线索当日锁单数 (门店),下发线索当日锁单数 (门店),下发线索当日锁单数 (门店),下发线索当日锁单数 (门店),下发线索当日锁单数 (门店),下发线索当日锁单数 (门店),下发线索当日锁单数 (门店),下发线索当日锁单数 (门店),下发线索当日锁单数 (门店),下发线索当日锁单数 (门店),下发线索当日锁单数 (门店),下发线索当日锁单数 (门店),下发线索当日锁单数 (门店),下发线索当日锁单数 (门店),下发线索当日锁单数 (门店),下发线索当日锁单数 (门店),下发线索当日锁单数 (门店),下发线索当日锁单数 (门店),下发线索当日锁单数 (门店),下发线索当日锁单数 (门店),下发线索当日锁单数 (门店),下发线索当日锁单数 (门店),下发线索当日锁单数 (门店),下发线索当日锁单数 (门店),下发线索当日锁单数 (门店),下发线索当日锁单数 (门店),下发线索当日锁单数 (门店),下发线索当日锁单数 (门店),下发线索当日锁单数 (门店),下发线索当日锁单数 (门店),下发线索当日锁单数 (门店),下发线索当日锁单数 (门店),下发线索当日锁单数 (门店)
试驾分析.有效试驾数,976,1088,904,1173,1584,1508,752,763,720,827,1190,1472,1344,1702,2589,1930,1771,1818,1472,1507,1587,1778,2154,2045,2014,1628,1716,1468,1328,1311,1539,1806,1616,1557
