metric,2025-11-12,2025-11-13,2025-11-14,2025-11-15,2025-11-16,2025-11-17,2025-11-18,2025-11-19,2025-11-20,2025-11-21,2025-11-22,2025-11-23,2025-11-24,2025-11-25,2025-11-26,2025-11-27,2025-11-28,2025-11-29,2025-11-30,2025-12-01,2025-12-02,2025-12-03,2025-12-04
订单表.锁单数,2337,487,391,671,740,363,369,464,338,303,612,761,509,810,229,222,217,455,551,290,294,484,174
订单表.锁单人数,2319,477,381,667,731,362,369,458,336,303,607,760,509,784,229,221,215,455,547,288,290,467,173
订单表.锁单人数（order_type != 试驾车）,2279,440,345,658,719,338,353,446,324,298,605,760,501,781,229,220,213,454,547,288,289,465,172
订单表.开票数,379,314,388,291,154,398,385,320,285,391,276,175,394,361,416,442,525,472,402,254,232,287,384
订单表.锁单退订数,840,94,88,126,136,53,80,123,62,42,95,132,85,206,48,37,54,78,113,40,71,119,34
订单表.留存锁单数,1497,393,303,545,604,310,289,341,276,261,517,629,424,604,181,185,163,377,438,250,223,365,140
订单表.在营门店数,394,394,395,395,395,395,395,395,397,396,396,396,398,399,399,397,397,396,396,396,394,394,394
订单表.CR5门店销量集中度,5.7%,7.0%,6.6%,7.0%,5.8%,9.4%,11.1%,8.6%,7.4%,7.9%,5.6%,6.2%,5.5%,8.0%,11.4%,9.9%,9.2%,6.6%,7.1%,9.0%,8.8%,8.9%,10.9%
订单表.CR5门店城市销量集中度,24.3%,22.4%,25.1%,29.5%,27.3%,24.2%,27.1%,27.8%,24.9%,25.7%,26.1%,30.1%,27.9%,25.6%,27.9%,29.7%,30.4%,31.2%,33.9%,36.9%,27.9%,27.9%,25.9%
"订单表.整体ATP(用户车,万元)",22.58,22.36,22.7,22.63,22.55,22.47,22.23,22.43,22.4,22.68,23.05,23.22,24.41,24.57,24.66,25.05,25.64,25.55,25.56,25.94,25.46,25.61,25.99
订单表.share_l6,1.3%,5.8%,8.5%,7.0%,8.2%,8.9%,9.1%,6.9%,8.9%,10.4%,8.4%,10.4%,7.4%,3.6%,11.4%,14.0%,8.8%,12.6%,14.2%,10.3%,9.2%,6.4%,15.6%
订单表.share_ls6,3.9%,12.5%,22.6%,26.4%,24.0%,25.7%,24.1%,18.6%,34.8%,29.9%,40.6%,33.2%,22.6%,18.7%,43.2%,45.2%,46.0%,53.5%,46.5%,42.4%,36.5%,25.5%,56.1%
订单表.share_ls9,94.7%,81.4%,68.6%,66.7%,67.7%,65.4%,66.6%,74.3%,55.7%,59.4%,51.1%,56.2%,69.9%,77.4%,44.5%,39.8%,44.2%,33.7%,39.2%,46.6%,53.6%,67.2%,27.7%
订单表.share_reev,96.6%,87.5%,78.2%,76.8%,76.5%,77.2%,77.3%,80.9%,66.8%,69.8%,66.0%,68.7%,83.0%,84.4%,62.4%,58.4%,68.8%,57.9%,60.6%,63.1%,67.9%,76.3%,54.3%
订单表.店均锁单数,5.93,1.24,0.99,1.7,1.87,0.92,0.93,1.17,0.85,0.77,1.55,1.92,1.28,2.03,0.57,0.56,0.55,1.15,1.39,0.73,0.75,1.23,0.44
订单表.店日均下发线索数,40.38,42.8,43.86,39.91,40.88,35.84,32.21,34.63,34.52,36.93,44.65,44.33,43.74,42.95,41.84,39.05,40.18,41.37,41.33,31.49,32.95,29.76,33.07
归因分析.锁单用户数,2155,419,332,636,705,321,343,422,290,276,587,746,483,761,212,203,205,436,539,274,274,444,162
归因分析.数据完整度,94.6%,95.2%,96.2%,96.7%,98.1%,95.0%,97.2%,94.6%,89.5%,92.6%,97.0%,98.2%,96.4%,97.4%,92.6%,92.3%,96.2%,96.0%,98.5%,95.1%,94.8%,95.5%,94.2%
归因分析.平均触达次数,2.37,2.21,2.33,2.07,2.03,2.14,2.07,2.45,2.17,2.03,2.06,1.95,2.1,2.14,2.49,2.22,2.22,2.14,2.07,2.03,2.05,2.27,2.28
归因分析.平均转化时长(天),10.58,8.41,9.97,6.96,7.44,8.71,11.08,9.35,12.76,8.08,7.46,7.85,8.65,9.54,7.36,5.84,5.21,7.35,6.98,5.94,6.61,6.37,4.85
归因分析.锁单用户主要渠道Top5,"[{""channel"": ""自然客流"", ""locked_users"": 634, ""pct"": ""29.4%""}, {""channel"": ""意向金"", ""locked_users"": 410, ""pct"": ""19.0%""}, {""channel"": ""新媒体-抖音"", ""locked_users"": 100, ""pct"": ""4.6%""}, {""channel"": ""APP留资"", ""locked_users"": 99, ""pct"": ""4.6%""}, {""channel"": ""直接大定"", ""locked_users"": 83, ""pct"": ""3.9%""}, {""channel"": ""其他"", ""locked_users"": 829, ""pct"": ""38.5%""}]","[{""channel"": ""自然客流"", ""locked_users"": 151, ""pct"": ""36.0%""}, {""channel"": ""意向金"", ""locked_users"": 60, ""pct"": ""14.3%""}, {""channel"": ""新媒体-抖音"", ""locked_users"": 23, ""pct"": ""5.5%""}, {""channel"": ""直接大定"", ""locked_users"": 18, ""pct"": ""4.3%""}, {""channel"": ""APP"", ""locked_users"": 17, ""pct"": ""4.1%""}, {""channel"": ""其他"", ""locked_users"": 150, ""pct"": ""35.8%""}]","[{""channel"": ""自然客流"", ""locked_users"": 110, ""pct"": ""33.1%""}, {""channel"": ""意向金"", ""locked_users"": 28, ""pct"": ""8.4%""}, {""channel"": ""新媒体-抖音"", ""locked_users"": 23, ""pct"": ""6.9%""}, {""channel"": ""直接大定"", ""locked_users"": 14, ""pct"": ""4.2%""}, {""channel"": ""字节APP"", ""locked_users"": 9, ""pct"": ""2.7%""}, {""channel"": ""其他"", ""locked_users"": 148, ""pct"": ""44.6%""}]","[{""channel"": ""自然客流"", ""locked_users"": 227, ""pct"": ""35.7%""}, {""channel"": ""意向金"", ""locked_users"": 54, ""pct"": ""8.5%""}, {""channel"": ""新媒体-抖音"", ""locked_users"": 34, ""pct"": ""5.3%""}, {""channel"": ""直接大定"", ""locked_users"": 28, ""pct"": ""4.4%""}, {""channel"": ""APP"", ""locked_users"": 21, ""pct"": ""3.3%""}, {""channel"": ""其他"", ""locked_users"": 272, ""pct"": ""42.8%""}]","[{""channel"": ""自然客流"", ""locked_users"": 270, ""pct"": ""38.3%""}, {""channel"": ""新媒体-抖音"", ""locked_users"": 58, ""pct"": ""8.2%""}, {""channel"": ""意向金"", ""locked_users"": 44, ""pct"": ""6.2%""}, {""channel"": ""直接大定"", ""locked_users"": 35, ""pct"": ""5.0%""}, {""channel"": ""抖音-矩阵"", ""locked_users"": 21, ""pct"": ""3.0%""}, {""channel"": ""其他"", ""locked_users"": 277, ""pct"": ""39.3%""}]","[{""channel"": ""自然客流"", ""locked_users"": 105, ""pct"": ""32.7%""}, {""channel"": ""直接大定"", ""locked_users"": 28, ""pct"": ""8.7%""}, {""channel"": ""新媒体-抖音"", ""locked_users"": 23, ""pct"": ""7.2%""}, {""channel"": ""意向金"", ""locked_users"": 22, ""pct"": ""6.9%""}, {""channel"": ""Popup（门店）"", ""locked_users"": 13, ""pct"": ""4.0%""}, {""channel"": ""其他"", ""locked_users"": 130, ""pct"": ""40.5%""}]","[{""channel"": ""自然客流"", ""locked_users"": 122, ""pct"": ""35.6%""}, {""channel"": ""意向金"", ""locked_users"": 31, ""pct"": ""9.0%""}, {""channel"": ""直接大定"", ""locked_users"": 24, ""pct"": ""7.0%""}, {""channel"": ""新媒体-抖音"", ""locked_users"": 19, ""pct"": ""5.5%""}, {""channel"": ""APP"", ""locked_users"": 13, ""pct"": ""3.8%""}, {""channel"": ""其他"", ""locked_users"": 134, ""pct"": ""39.1%""}]","[{""channel"": ""自然客流"", ""locked_users"": 136, ""pct"": ""32.2%""}, {""channel"": ""直接大定"", ""locked_users"": 40, ""pct"": ""9.5%""}, {""channel"": ""意向金"", ""locked_users"": 36, ""pct"": ""8.5%""}, {""channel"": ""新媒体-抖音"", ""locked_users"": 19, ""pct"": ""4.5%""}, {""channel"": ""用户裂变"", ""locked_users"": 19, ""pct"": ""4.5%""}, {""channel"": ""其他"", ""locked_users"": 172, ""pct"": ""40.8%""}]","[{""channel"": ""自然客流"", ""locked_users"": 118, ""pct"": ""40.7%""}, {""channel"": ""意向金"", ""locked_users"": 22, ""pct"": ""7.6%""}, {""channel"": ""直接大定"", ""locked_users"": 18, ""pct"": ""6.2%""}, {""channel"": ""新媒体-抖音"", ""locked_users"": 16, ""pct"": ""5.5%""}, {""channel"": ""Popup（门店）"", ""locked_users"": 8, ""pct"": ""2.8%""}, {""channel"": ""其他"", ""locked_users"": 108, ""pct"": ""37.2%""}]","[{""channel"": ""自然客流"", ""locked_users"": 108, ""pct"": ""39.1%""}, {""channel"": ""新媒体-抖音"", ""locked_users"": 20, ""pct"": ""7.2%""}, {""channel"": ""直接大定"", ""locked_users"": 18, ""pct"": ""6.5%""}, {""channel"": ""意向金"", ""locked_users"": 12, ""pct"": ""4.3%""}, {""channel"": ""Popup（门店）"", ""locked_users"": 11, ""pct"": ""4.0%""}, {""channel"": ""其他"", ""locked_users"": 107, ""pct"": ""38.8%""}]","[{""channel"": ""自然客流"", ""locked_users"": 235, ""pct"": ""40.0%""}, {""channel"": ""新媒体-抖音"", ""locked_users"": 59, ""pct"": ""10.1%""}, {""channel"": ""意向金"", ""locked_users"": 21, ""pct"": ""3.6%""}, {""channel"": ""直接大定"", ""locked_users"": 20, ""pct"": ""3.4%""}, {""channel"": ""APP"", ""locked_users"": 20, ""pct"": ""3.4%""}, {""channel"": ""其他"", ""locked_users"": 232, ""pct"": ""39.5%""}]","[{""channel"": ""自然客流"", ""locked_users"": 279, ""pct"": ""37.4%""}, {""channel"": ""新媒体-抖音"", ""locked_users"": 44, ""pct"": ""5.9%""}, {""channel"": ""直接大定"", ""locked_users"": 38, ""pct"": ""5.1%""}, {""channel"": ""意向金"", ""locked_users"": 27, ""pct"": ""3.6%""}, {""channel"": ""Popup（门店）"", ""locked_users"": 26, ""pct"": ""3.5%""}, {""channel"": ""其他"", ""locked_users"": 332, ""pct"": ""44.5%""}]","[{""channel"": ""自然客流"", ""locked_users"": 185, ""pct"": ""38.3%""}, {""channel"": ""直接大定"", ""locked_users"": 33, ""pct"": ""6.8%""}, {""channel"": ""新媒体-抖音"", ""locked_users"": 25, ""pct"": ""5.2%""}, {""channel"": ""Popup（门店）"", ""locked_users"": 24, ""pct"": ""5.0%""}, {""channel"": ""意向金"", ""locked_users"": 20, ""pct"": ""4.1%""}, {""channel"": ""其他"", ""locked_users"": 196, ""pct"": ""40.6%""}]","[{""channel"": ""自然客流"", ""locked_users"": 262, ""pct"": ""34.4%""}, {""channel"": ""意向金"", ""locked_users"": 52, ""pct"": ""6.8%""}, {""channel"": ""新媒体-抖音"", ""locked_users"": 45, ""pct"": ""5.9%""}, {""channel"": ""直接大定"", ""locked_users"": 38, ""pct"": ""5.0%""}, {""channel"": ""Popup（门店）"", ""locked_users"": 31, ""pct"": ""4.1%""}, {""channel"": ""其他"", ""locked_users"": 333, ""pct"": ""43.8%""}]","[{""channel"": ""自然客流"", ""locked_users"": 80, ""pct"": ""37.7%""}, {""channel"": ""新媒体-抖音"", ""locked_users"": 19, ""pct"": ""9.0%""}, {""channel"": ""直接大定"", ""locked_users"": 14, ""pct"": ""6.6%""}, {""channel"": ""用户裂变"", ""locked_users"": 12, ""pct"": ""5.7%""}, {""channel"": ""懂车帝卖车通"", ""locked_users"": 9, ""pct"": ""4.2%""}, {""channel"": ""其他"", ""locked_users"": 78, ""pct"": ""36.8%""}]","[{""channel"": ""自然客流"", ""locked_users"": 82, ""pct"": ""40.4%""}, {""channel"": ""新媒体-抖音"", ""locked_users"": 18, ""pct"": ""8.9%""}, {""channel"": ""直接大定"", ""locked_users"": 14, ""pct"": ""6.9%""}, {""channel"": ""APP"", ""locked_users"": 11, ""pct"": ""5.4%""}, {""channel"": ""用户裂变"", ""locked_users"": 11, ""pct"": ""5.4%""}, {""channel"": ""其他"", ""locked_users"": 67, ""pct"": ""33.0%""}]","[{""channel"": ""自然客流"", ""locked_users"": 77, ""pct"": ""37.6%""}, {""channel"": ""直接大定"", ""locked_users"": 17, ""pct"": ""8.3%""}, {""channel"": ""新媒体-抖音"", ""locked_users"": 16, ""pct"": ""7.8%""}, {""channel"": ""Popup（门店）"", ""locked_users"": 13, ""pct"": ""6.3%""}, {""channel"": ""抖音-矩阵"", ""locked_users"": 11, ""pct"": ""5.4%""}, {""channel"": ""其他"", ""locked_users"": 71, ""pct"": ""34.6%""}]","[{""channel"": ""自然客流"", ""locked_users"": 161, ""pct"": ""36.9%""}, {""channel"": ""新媒体-抖音"", ""locked_users"": 43, ""pct"": ""9.9%""}, {""channel"": ""Popup（门店）"", ""locked_users"": 33, ""pct"": ""7.6%""}, {""channel"": ""用户裂变"", ""locked_users"": 24, ""pct"": ""5.5%""}, {""channel"": ""抖音-矩阵"", ""locked_users"": 23, ""pct"": ""5.3%""}, {""channel"": ""其他"", ""locked_users"": 152, ""pct"": ""34.9%""}]","[{""channel"": ""自然客流"", ""locked_users"": 234, ""pct"": ""43.4%""}, {""channel"": ""新媒体-抖音"", ""locked_users"": 39, ""pct"": ""7.2%""}, {""channel"": ""用户裂变"", ""locked_users"": 24, ""pct"": ""4.5%""}, {""channel"": ""Popup（门店）"", ""locked_users"": 24, ""pct"": ""4.5%""}, {""channel"": ""直接大定"", ""locked_users"": 23, ""pct"": ""4.3%""}, {""channel"": ""其他"", ""locked_users"": 195, ""pct"": ""36.2%""}]","[{""channel"": ""自然客流"", ""locked_users"": 101, ""pct"": ""36.9%""}, {""channel"": ""新媒体-抖音"", ""locked_users"": 29, ""pct"": ""10.6%""}, {""channel"": ""直接大定"", ""locked_users"": 23, ""pct"": ""8.4%""}, {""channel"": ""Popup（门店）"", ""locked_users"": 14, ""pct"": ""5.1%""}, {""channel"": ""用户裂变"", ""locked_users"": 12, ""pct"": ""4.4%""}, {""channel"": ""其他"", ""locked_users"": 95, ""pct"": ""34.7%""}]","[{""channel"": ""自然客流"", ""locked_users"": 108, ""pct"": ""39.4%""}, {""channel"": ""新媒体-抖音"", ""locked_users"": 28, ""pct"": ""10.2%""}, {""channel"": ""直接大定"", ""locked_users"": 17, ""pct"": ""6.2%""}, {""channel"": ""用户裂变"", ""locked_users"": 15, ""pct"": ""5.5%""}, {""channel"": ""APP"", ""locked_users"": 11, ""pct"": ""4.0%""}, {""channel"": ""其他"", ""locked_users"": 95, ""pct"": ""34.7%""}]","[{""channel"": ""自然客流"", ""locked_users"": 170, ""pct"": ""38.3%""}, {""channel"": ""新媒体-抖音"", ""locked_users"": 31, ""pct"": ""7.0%""}, {""channel"": ""直接大定"", ""locked_users"": 30, ""pct"": ""6.8%""}, {""channel"": ""抖音-矩阵"", ""locked_users"": 20, ""pct"": ""4.5%""}, {""channel"": ""懂车帝"", ""locked_users"": 18, ""pct"": ""4.1%""}, {""channel"": ""其他"", ""locked_users"": 175, ""pct"": ""39.4%""}]","[{""channel"": ""自然客流"", ""locked_users"": 64, ""pct"": ""39.5%""}, {""channel"": ""新媒体-抖音"", ""locked_users"": 14, ""pct"": ""8.6%""}, {""channel"": ""直接大定"", ""locked_users"": 14, ""pct"": ""8.6%""}, {""channel"": ""用户裂变"", ""locked_users"": 8, ""pct"": ""4.9%""}, {""channel"": ""APP"", ""locked_users"": 7, ""pct"": ""4.3%""}, {""channel"": ""其他"", ""locked_users"": 55, ""pct"": ""34.0%""}]"
归因分析.锁单用户分类占比（观察口径）,"[{""category"": ""One-Touch (Decisive)"", ""users"": 888, ""pct"": ""41.2%""}, {""category"": ""Hesitant (Same Channel, Multiple Touches)"", ""users"": 78, ""pct"": ""3.6%""}, {""category"": ""Cross-Channel (Comparison Shopper)"", ""users"": 1189, ""pct"": ""55.2%""}, {""category"": ""Long Consideration (>14 Days)"", ""users"": 240, ""pct"": ""11.1%""}, {""category"": ""Long Consideration (>14 Days & <60 Days)"", ""users"": 160, ""pct"": ""7.4%""}, {""category"": ""Repeat Lockers (Had Prior Locks)"", ""users"": 199, ""pct"": ""9.2%""}]","[{""category"": ""One-Touch (Decisive)"", ""users"": 182, ""pct"": ""43.4%""}, {""category"": ""Hesitant (Same Channel, Multiple Touches)"", ""users"": 13, ""pct"": ""3.1%""}, {""category"": ""Cross-Channel (Comparison Shopper)"", ""users"": 224, ""pct"": ""53.5%""}, {""category"": ""Long Consideration (>14 Days)"", ""users"": 28, ""pct"": ""6.7%""}, {""category"": ""Long Consideration (>14 Days & <60 Days)"", ""users"": 19, ""pct"": ""4.5%""}, {""category"": ""Repeat Lockers (Had Prior Locks)"", ""users"": 32, ""pct"": ""7.6%""}]","[{""category"": ""One-Touch (Decisive)"", ""users"": 137, ""pct"": ""41.3%""}, {""category"": ""Hesitant (Same Channel, Multiple Touches)"", ""users"": 16, ""pct"": ""4.8%""}, {""category"": ""Cross-Channel (Comparison Shopper)"", ""users"": 179, ""pct"": ""53.9%""}, {""category"": ""Long Consideration (>14 Days)"", ""users"": 31, ""pct"": ""9.3%""}, {""category"": ""Long Consideration (>14 Days & <60 Days)"", ""users"": 21, ""pct"": ""6.3%""}, {""category"": ""Repeat Lockers (Had Prior Locks)"", ""users"": 23, ""pct"": ""6.9%""}]","[{""category"": ""One-Touch (Decisive)"", ""users"": 328, ""pct"": ""51.6%""}, {""category"": ""Hesitant (Same Channel, Multiple Touches)"", ""users"": 21, ""pct"": ""3.3%""}, {""category"": ""Cross-Channel (Comparison Shopper)"", ""users"": 287, ""pct"": ""45.1%""}, {""category"": ""Long Consideration (>14 Days)"", ""users"": 48, ""pct"": ""7.5%""}, {""category"": ""Long Consideration (>14 Days & <60 Days)"", ""users"": 33, ""pct"": ""5.2%""}, {""category"": ""Repeat Lockers (Had Prior Locks)"", ""users"": 32, ""pct"": ""5.0%""}]","[{""category"": ""One-Touch (Decisive)"", ""users"": 336, ""pct"": ""47.7%""}, {""category"": ""Hesitant (Same Channel, Multiple Touches)"", ""users"": 21, ""pct"": ""3.0%""}, {""category"": ""Cross-Channel (Comparison Shopper)"", ""users"": 348, ""pct"": ""49.4%""}, {""category"": ""Long Consideration (>14 Days)"", ""users"": 53, ""pct"": ""7.5%""}, {""category"": ""Long Consideration (>14 Days & <60 Days)"", ""users"": 41, ""pct"": ""5.8%""}, {""category"": ""Repeat Lockers (Had Prior Locks)"", ""users"": 29, ""pct"": ""4.1%""}]","[{""category"": ""One-Touch (Decisive)"", ""users"": 139, ""pct"": ""43.3%""}, {""category"": ""Hesitant (Same Channel, Multiple Touches)"", ""users"": 11, ""pct"": ""3.4%""}, {""category"": ""Cross-Channel (Comparison Shopper)"", ""users"": 171, ""pct"": ""53.3%""}, {""category"": ""Long Consideration (>14 Days)"", ""users"": 24, ""pct"": ""7.5%""}, {""category"": ""Long Consideration (>14 Days & <60 Days)"", ""users"": 16, ""pct"": ""5.0%""}, {""category"": ""Repeat Lockers (Had Prior Locks)"", ""users"": 13, ""pct"": ""4.0%""}]","[{""category"": ""One-Touch (Decisive)"", ""users"": 153, ""pct"": ""44.6%""}, {""category"": ""Hesitant (Same Channel, Multiple Touches)"", ""users"": 13, ""pct"": ""3.8%""}, {""category"": ""Cross-Channel (Comparison Shopper)"", ""users"": 177, ""pct"": ""51.6%""}, {""category"": ""Long Consideration (>14 Days)"", ""users"": 34, ""pct"": ""9.9%""}, {""category"": ""Long Consideration (>14 Days & <60 Days)"", ""users"": 28, ""pct"": ""8.2%""}, {""category"": ""Repeat Lockers (Had Prior Locks)"", ""users"": 17, ""pct"": ""5.0%""}]","[{""category"": ""One-Touch (Decisive)"", ""users"": 178, ""pct"": ""42.2%""}, {""category"": ""Hesitant (Same Channel, Multiple Touches)"", ""users"": 16, ""pct"": ""3.8%""}, {""category"": ""Cross-Channel (Comparison Shopper)"", ""users"": 228, ""pct"": ""54.0%""}, {""category"": ""Long Consideration (>14 Days)"", ""users"": 87, ""pct"": ""20.6%""}, {""category"": ""Long Consideration (>14 Days & <60 Days)"", ""users"": 73, ""pct"": ""17.3%""}, {""category"": ""Repeat Lockers (Had Prior Locks)"", ""users"": 36, ""pct"": ""8.5%""}]","[{""category"": ""One-Touch (Decisive)"", ""users"": 133, ""pct"": ""45.9%""}, {""category"": ""Hesitant (Same Channel, Multiple Touches)"", ""users"": 10, ""pct"": ""3.4%""}, {""category"": ""Cross-Channel (Comparison Shopper)"", ""users"": 147, ""pct"": ""50.7%""}, {""category"": ""Long Consideration (>14 Days)"", ""users"": 51, ""pct"": ""17.6%""}, {""category"": ""Long Consideration (>14 Days & <60 Days)"", ""users"": 40, ""pct"": ""13.8%""}, {""category"": ""Repeat Lockers (Had Prior Locks)"", ""users"": 20, ""pct"": ""6.9%""}]","[{""category"": ""One-Touch (Decisive)"", ""users"": 114, ""pct"": ""41.3%""}, {""category"": ""Hesitant (Same Channel, Multiple Touches)"", ""users"": 3, ""pct"": ""1.1%""}, {""category"": ""Cross-Channel (Comparison Shopper)"", ""users"": 159, ""pct"": ""57.6%""}, {""category"": ""Long Consideration (>14 Days)"", ""users"": 39, ""pct"": ""14.1%""}, {""category"": ""Long Consideration (>14 Days & <60 Days)"", ""users"": 32, ""pct"": ""11.6%""}, {""category"": ""Repeat Lockers (Had Prior Locks)"", ""users"": 15, ""pct"": ""5.4%""}]","[{""category"": ""One-Touch (Decisive)"", ""users"": 284, ""pct"": ""48.4%""}, {""category"": ""Hesitant (Same Channel, Multiple Touches)"", ""users"": 15, ""pct"": ""2.6%""}, {""category"": ""Cross-Channel (Comparison Shopper)"", ""users"": 288, ""pct"": ""49.1%""}, {""category"": ""Long Consideration (>14 Days)"", ""users"": 97, ""pct"": ""16.5%""}, {""category"": ""Long Consideration (>14 Days & <60 Days)"", ""users"": 86, ""pct"": ""14.7%""}, {""category"": ""Repeat Lockers (Had Prior Locks)"", ""users"": 21, ""pct"": ""3.6%""}]","[{""category"": ""One-Touch (Decisive)"", ""users"": 361, ""pct"": ""48.4%""}, {""category"": ""Hesitant (Same Channel, Multiple Touches)"", ""users"": 32, ""pct"": ""4.3%""}, {""category"": ""Cross-Channel (Comparison Shopper)"", ""users"": 353, ""pct"": ""47.3%""}, {""category"": ""Long Consideration (>14 Days)"", ""users"": 130, ""pct"": ""17.4%""}, {""category"": ""Long Consideration (>14 Days & <60 Days)"", ""users"": 109, ""pct"": ""14.6%""}, {""category"": ""Repeat Lockers (Had Prior Locks)"", ""users"": 26, ""pct"": ""3.5%""}]","[{""category"": ""One-Touch (Decisive)"", ""users"": 234, ""pct"": ""48.4%""}, {""category"": ""Hesitant (Same Channel, Multiple Touches)"", ""users"": 17, ""pct"": ""3.5%""}, {""category"": ""Cross-Channel (Comparison Shopper)"", ""users"": 232, ""pct"": ""48.0%""}, {""category"": ""Long Consideration (>14 Days)"", ""users"": 81, ""pct"": ""16.8%""}, {""category"": ""Long Consideration (>14 Days & <60 Days)"", ""users"": 69, ""pct"": ""14.3%""}, {""category"": ""Repeat Lockers (Had Prior Locks)"", ""users"": 24, ""pct"": ""5.0%""}]","[{""category"": ""One-Touch (Decisive)"", ""users"": 355, ""pct"": ""46.6%""}, {""category"": ""Hesitant (Same Channel, Multiple Touches)"", ""users"": 33, ""pct"": ""4.3%""}, {""category"": ""Cross-Channel (Comparison Shopper)"", ""users"": 373, ""pct"": ""49.0%""}, {""category"": ""Long Consideration (>14 Days)"", ""users"": 163, ""pct"": ""21.4%""}, {""category"": ""Long Consideration (>14 Days & <60 Days)"", ""users"": 143, ""pct"": ""18.8%""}, {""category"": ""Repeat Lockers (Had Prior Locks)"", ""users"": 38, ""pct"": ""5.0%""}]","[{""category"": ""One-Touch (Decisive)"", ""users"": 94, ""pct"": ""44.3%""}, {""category"": ""Hesitant (Same Channel, Multiple Touches)"", ""users"": 6, ""pct"": ""2.8%""}, {""category"": ""Cross-Channel (Comparison Shopper)"", ""users"": 112, ""pct"": ""52.8%""}, {""category"": ""Long Consideration (>14 Days)"", ""users"": 28, ""pct"": ""13.2%""}, {""category"": ""Long Consideration (>14 Days & <60 Days)"", ""users"": 23, ""pct"": ""10.8%""}, {""category"": ""Repeat Lockers (Had Prior Locks)"", ""users"": 15, ""pct"": ""7.1%""}]","[{""category"": ""One-Touch (Decisive)"", ""users"": 100, ""pct"": ""49.3%""}, {""category"": ""Hesitant (Same Channel, Multiple Touches)"", ""users"": 3, ""pct"": ""1.5%""}, {""category"": ""Cross-Channel (Comparison Shopper)"", ""users"": 100, ""pct"": ""49.3%""}, {""category"": ""Long Consideration (>14 Days)"", ""users"": 24, ""pct"": ""11.8%""}, {""category"": ""Long Consideration (>14 Days & <60 Days)"", ""users"": 21, ""pct"": ""10.3%""}, {""category"": ""Repeat Lockers (Had Prior Locks)"", ""users"": 9, ""pct"": ""4.4%""}]","[{""category"": ""One-Touch (Decisive)"", ""users"": 101, ""pct"": ""49.3%""}, {""category"": ""Hesitant (Same Channel, Multiple Touches)"", ""users"": 9, ""pct"": ""4.4%""}, {""category"": ""Cross-Channel (Comparison Shopper)"", ""users"": 95, ""pct"": ""46.3%""}, {""category"": ""Long Consideration (>14 Days)"", ""users"": 25, ""pct"": ""12.2%""}, {""category"": ""Long Consideration (>14 Days & <60 Days)"", ""users"": 21, ""pct"": ""10.2%""}, {""category"": ""Repeat Lockers (Had Prior Locks)"", ""users"": 9, ""pct"": ""4.4%""}]","[{""category"": ""One-Touch (Decisive)"", ""users"": 201, ""pct"": ""46.1%""}, {""category"": ""Hesitant (Same Channel, Multiple Touches)"", ""users"": 14, ""pct"": ""3.2%""}, {""category"": ""Cross-Channel (Comparison Shopper)"", ""users"": 221, ""pct"": ""50.7%""}, {""category"": ""Long Consideration (>14 Days)"", ""users"": 48, ""pct"": ""11.0%""}, {""category"": ""Long Consideration (>14 Days & <60 Days)"", ""users"": 38, ""pct"": ""8.7%""}, {""category"": ""Repeat Lockers (Had Prior Locks)"", ""users"": 14, ""pct"": ""3.2%""}]","[{""category"": ""One-Touch (Decisive)"", ""users"": 275, ""pct"": ""51.0%""}, {""category"": ""Hesitant (Same Channel, Multiple Touches)"", ""users"": 19, ""pct"": ""3.5%""}, {""category"": ""Cross-Channel (Comparison Shopper)"", ""users"": 245, ""pct"": ""45.5%""}, {""category"": ""Long Consideration (>14 Days)"", ""users"": 72, ""pct"": ""13.4%""}, {""category"": ""Long Consideration (>14 Days & <60 Days)"", ""users"": 60, ""pct"": ""11.1%""}, {""category"": ""Repeat Lockers (Had Prior Locks)"", ""users"": 17, ""pct"": ""3.2%""}]","[{""category"": ""One-Touch (Decisive)"", ""users"": 143, ""pct"": ""52.2%""}, {""category"": ""Hesitant (Same Channel, Multiple Touches)"", ""users"": 6, ""pct"": ""2.2%""}, {""category"": ""Cross-Channel (Comparison Shopper)"", ""users"": 125, ""pct"": ""45.6%""}, {""category"": ""Long Consideration (>14 Days)"", ""users"": 32, ""pct"": ""11.7%""}, {""category"": ""Long Consideration (>14 Days & <60 Days)"", ""users"": 27, ""pct"": ""9.9%""}, {""category"": ""Repeat Lockers (Had Prior Locks)"", ""users"": 9, ""pct"": ""3.3%""}]","[{""category"": ""One-Touch (Decisive)"", ""users"": 137, ""pct"": ""50.0%""}, {""category"": ""Hesitant (Same Channel, Multiple Touches)"", ""users"": 12, ""pct"": ""4.4%""}, {""category"": ""Cross-Channel (Comparison Shopper)"", ""users"": 125, ""pct"": ""45.6%""}, {""category"": ""Long Consideration (>14 Days)"", ""users"": 44, ""pct"": ""16.1%""}, {""category"": ""Long Consideration (>14 Days & <60 Days)"", ""users"": 40, ""pct"": ""14.6%""}, {""category"": ""Repeat Lockers (Had Prior Locks)"", ""users"": 9, ""pct"": ""3.3%""}]","[{""category"": ""One-Touch (Decisive)"", ""users"": 206, ""pct"": ""46.4%""}, {""category"": ""Hesitant (Same Channel, Multiple Touches)"", ""users"": 17, ""pct"": ""3.8%""}, {""category"": ""Cross-Channel (Comparison Shopper)"", ""users"": 221, ""pct"": ""49.8%""}, {""category"": ""Long Consideration (>14 Days)"", ""users"": 73, ""pct"": ""16.4%""}, {""category"": ""Long Consideration (>14 Days & <60 Days)"", ""users"": 69, ""pct"": ""15.5%""}, {""category"": ""Repeat Lockers (Had Prior Locks)"", ""users"": 26, ""pct"": ""5.9%""}]","[{""category"": ""One-Touch (Decisive)"", ""users"": 75, ""pct"": ""46.3%""}, {""category"": ""Hesitant (Same Channel, Multiple Touches)"", ""users"": 7, ""pct"": ""4.3%""}, {""category"": ""Cross-Channel (Comparison Shopper)"", ""users"": 80, ""pct"": ""49.4%""}, {""category"": ""Long Consideration (>14 Days)"", ""users"": 13, ""pct"": ""8.0%""}, {""category"": ""Long Consideration (>14 Days & <60 Days)"", ""users"": 11, ""pct"": ""6.8%""}, {""category"": ""Repeat Lockers (Had Prior Locks)"", ""users"": 6, ""pct"": ""3.7%""}]"
归因分析.跨渠道锁单用户主要助攻渠道Top5,"[{""assist_channel"": ""自然客流"", ""assist_touches"": 357, ""pct"": ""12.4%""}, {""assist_channel"": ""APP"", ""assist_touches"": 187, ""pct"": ""6.5%""}, {""assist_channel"": ""心愿单"", ""assist_touches"": 170, ""pct"": ""5.9%""}, {""assist_channel"": ""战败激活"", ""assist_touches"": 147, ""pct"": ""5.1%""}, {""assist_channel"": ""抖音-矩阵"", ""assist_touches"": 128, ""pct"": ""4.4%""}]","[{""assist_channel"": ""自然客流"", ""assist_touches"": 39, ""pct"": ""7.4%""}, {""assist_channel"": ""心愿单"", ""assist_touches"": 37, ""pct"": ""7.0%""}, {""assist_channel"": ""意向金"", ""assist_touches"": 35, ""pct"": ""6.6%""}, {""assist_channel"": ""APP"", ""assist_touches"": 29, ""pct"": ""5.5%""}, {""assist_channel"": ""抖音-矩阵"", ""assist_touches"": 28, ""pct"": ""5.3%""}]","[{""assist_channel"": ""自然客流"", ""assist_touches"": 42, ""pct"": ""9.8%""}, {""assist_channel"": ""心愿单"", ""assist_touches"": 42, ""pct"": ""9.8%""}, {""assist_channel"": ""抖音-矩阵"", ""assist_touches"": 32, ""pct"": ""7.5%""}, {""assist_channel"": ""新媒体-抖音"", ""assist_touches"": 25, ""pct"": ""5.8%""}, {""assist_channel"": ""APP"", ""assist_touches"": 25, ""pct"": ""5.8%""}]","[{""assist_channel"": ""自然客流"", ""assist_touches"": 74, ""pct"": ""11.1%""}, {""assist_channel"": ""心愿单"", ""assist_touches"": 47, ""pct"": ""7.0%""}, {""assist_channel"": ""APP"", ""assist_touches"": 46, ""pct"": ""6.9%""}, {""assist_channel"": ""抖音-矩阵"", ""assist_touches"": 36, ""pct"": ""5.4%""}, {""assist_channel"": ""小程序留资"", ""assist_touches"": 28, ""pct"": ""4.2%""}]","[{""assist_channel"": ""自然客流"", ""assist_touches"": 68, ""pct"": ""9.1%""}, {""assist_channel"": ""新媒体-抖音"", ""assist_touches"": 51, ""pct"": ""6.9%""}, {""assist_channel"": ""APP"", ""assist_touches"": 46, ""pct"": ""6.2%""}, {""assist_channel"": ""心愿单"", ""assist_touches"": 44, ""pct"": ""5.9%""}, {""assist_channel"": ""战败激活"", ""assist_touches"": 31, ""pct"": ""4.2%""}]","[{""assist_channel"": ""自然客流"", ""assist_touches"": 37, ""pct"": ""9.8%""}, {""assist_channel"": ""抖音-矩阵"", ""assist_touches"": 25, ""pct"": ""6.6%""}, {""assist_channel"": ""心愿单"", ""assist_touches"": 23, ""pct"": ""6.1%""}, {""assist_channel"": ""新媒体-抖音"", ""assist_touches"": 20, ""pct"": ""5.3%""}, {""assist_channel"": ""APP"", ""assist_touches"": 19, ""pct"": ""5.1%""}]","[{""assist_channel"": ""自然客流"", ""assist_touches"": 49, ""pct"": ""12.3%""}, {""assist_channel"": ""APP"", ""assist_touches"": 22, ""pct"": ""5.5%""}, {""assist_channel"": ""心愿单"", ""assist_touches"": 21, ""pct"": ""5.3%""}, {""assist_channel"": ""小程序留资"", ""assist_touches"": 20, ""pct"": ""5.0%""}, {""assist_channel"": ""新媒体-抖音"", ""assist_touches"": 18, ""pct"": ""4.5%""}]","[{""assist_channel"": ""自然客流"", ""assist_touches"": 74, ""pct"": ""11.7%""}, {""assist_channel"": ""心愿单"", ""assist_touches"": 44, ""pct"": ""7.0%""}, {""assist_channel"": ""APP"", ""assist_touches"": 35, ""pct"": ""5.6%""}, {""assist_channel"": ""小程序留资"", ""assist_touches"": 33, ""pct"": ""5.2%""}, {""assist_channel"": ""新媒体-抖音"", ""assist_touches"": 32, ""pct"": ""5.1%""}]","[{""assist_channel"": ""自然客流"", ""assist_touches"": 36, ""pct"": ""10.4%""}, {""assist_channel"": ""APP"", ""assist_touches"": 23, ""pct"": ""6.7%""}, {""assist_channel"": ""新媒体-抖音"", ""assist_touches"": 19, ""pct"": ""5.5%""}, {""assist_channel"": ""抖音-矩阵"", ""assist_touches"": 16, ""pct"": ""4.6%""}, {""assist_channel"": ""懂车帝卖车通"", ""assist_touches"": 15, ""pct"": ""4.3%""}]","[{""assist_channel"": ""自然客流"", ""assist_touches"": 26, ""pct"": ""8.0%""}, {""assist_channel"": ""小程序留资"", ""assist_touches"": 21, ""pct"": ""6.5%""}, {""assist_channel"": ""新媒体-抖音"", ""assist_touches"": 20, ""pct"": ""6.2%""}, {""assist_channel"": ""汽车之家车商汇"", ""assist_touches"": 16, ""pct"": ""4.9%""}, {""assist_channel"": ""易车伙伴网单"", ""assist_touches"": 16, ""pct"": ""4.9%""}]","[{""assist_channel"": ""自然客流"", ""assist_touches"": 75, ""pct"": ""11.7%""}, {""assist_channel"": ""APP"", ""assist_touches"": 38, ""pct"": ""5.9%""}, {""assist_channel"": ""新媒体-抖音"", ""assist_touches"": 33, ""pct"": ""5.1%""}, {""assist_channel"": ""战败激活"", ""assist_touches"": 32, ""pct"": ""5.0%""}, {""assist_channel"": ""心愿单"", ""assist_touches"": 30, ""pct"": ""4.7%""}]","[{""assist_channel"": ""自然客流"", ""assist_touches"": 93, ""pct"": ""13.0%""}, {""assist_channel"": ""小程序留资"", ""assist_touches"": 50, ""pct"": ""7.0%""}, {""assist_channel"": ""抖音-矩阵"", ""assist_touches"": 41, ""pct"": ""5.8%""}, {""assist_channel"": ""APP"", ""assist_touches"": 38, ""pct"": ""5.3%""}, {""assist_channel"": ""心愿单"", ""assist_touches"": 34, ""pct"": ""4.8%""}]","[{""assist_channel"": ""自然客流"", ""assist_touches"": 57, ""pct"": ""10.0%""}, {""assist_channel"": ""心愿单"", ""assist_touches"": 32, ""pct"": ""5.6%""}, {""assist_channel"": ""新媒体-抖音"", ""assist_touches"": 32, ""pct"": ""5.6%""}, {""assist_channel"": ""APP"", ""assist_touches"": 32, ""pct"": ""5.6%""}, {""assist_channel"": ""懂车帝卖车通"", ""assist_touches"": 32, ""pct"": ""5.6%""}]","[{""assist_channel"": ""自然客流"", ""assist_touches"": 100, ""pct"": ""11.3%""}, {""assist_channel"": ""新媒体-抖音"", ""assist_touches"": 58, ""pct"": ""6.6%""}, {""assist_channel"": ""APP"", ""assist_touches"": 47, ""pct"": ""5.3%""}, {""assist_channel"": ""APP行为激活"", ""assist_touches"": 46, ""pct"": ""5.2%""}, {""assist_channel"": ""抖音-矩阵"", ""assist_touches"": 44, ""pct"": ""5.0%""}]","[{""assist_channel"": ""自然客流"", ""assist_touches"": 24, ""pct"": ""7.5%""}, {""assist_channel"": ""心愿单"", ""assist_touches"": 24, ""pct"": ""7.5%""}, {""assist_channel"": ""懂车帝卖车通"", ""assist_touches"": 20, ""pct"": ""6.2%""}, {""assist_channel"": ""抖音-矩阵"", ""assist_touches"": 19, ""pct"": ""5.9%""}, {""assist_channel"": ""APP"", ""assist_touches"": 18, ""pct"": ""5.6%""}]","[{""assist_channel"": ""懂车帝卖车通"", ""assist_touches"": 21, ""pct"": ""8.3%""}, {""assist_channel"": ""自然客流"", ""assist_touches"": 20, ""pct"": ""7.9%""}, {""assist_channel"": ""Popup（门店）"", ""assist_touches"": 14, ""pct"": ""5.5%""}, {""assist_channel"": ""抖音-矩阵"", ""assist_touches"": 13, ""pct"": ""5.1%""}, {""assist_channel"": ""心愿单"", ""assist_touches"": 12, ""pct"": ""4.7%""}]","[{""assist_channel"": ""自然客流"", ""assist_touches"": 25, ""pct"": ""10.2%""}, {""assist_channel"": ""小程序留资"", ""assist_touches"": 17, ""pct"": ""6.9%""}, {""assist_channel"": ""心愿单"", ""assist_touches"": 16, ""pct"": ""6.5%""}, {""assist_channel"": ""懂车帝卖车通"", ""assist_touches"": 14, ""pct"": ""5.7%""}, {""assist_channel"": ""APP"", ""assist_touches"": 13, ""pct"": ""5.3%""}]","[{""assist_channel"": ""自然客流"", ""assist_touches"": 54, ""pct"": ""10.7%""}, {""assist_channel"": ""懂车帝卖车通"", ""assist_touches"": 28, ""pct"": ""5.5%""}, {""assist_channel"": ""新媒体-抖音"", ""assist_touches"": 26, ""pct"": ""5.1%""}, {""assist_channel"": ""小程序留资"", ""assist_touches"": 25, ""pct"": ""5.0%""}, {""assist_channel"": ""心愿单"", ""assist_touches"": 25, ""pct"": ""5.0%""}]","[{""assist_channel"": ""自然客流"", ""assist_touches"": 61, ""pct"": ""10.8%""}, {""assist_channel"": ""战败激活"", ""assist_touches"": 37, ""pct"": ""6.6%""}, {""assist_channel"": ""懂车帝卖车通"", ""assist_touches"": 35, ""pct"": ""6.2%""}, {""assist_channel"": ""抖音-矩阵"", ""assist_touches"": 30, ""pct"": ""5.3%""}, {""assist_channel"": ""APP"", ""assist_touches"": 29, ""pct"": ""5.2%""}]","[{""assist_channel"": ""自然客流"", ""assist_touches"": 31, ""pct"": ""10.8%""}, {""assist_channel"": ""APP"", ""assist_touches"": 22, ""pct"": ""7.6%""}, {""assist_channel"": ""懂车帝卖车通"", ""assist_touches"": 18, ""pct"": ""6.2%""}, {""assist_channel"": ""抖音-矩阵"", ""assist_touches"": 16, ""pct"": ""5.6%""}, {""assist_channel"": ""新媒体-抖音"", ""assist_touches"": 14, ""pct"": ""4.9%""}]","[{""assist_channel"": ""自然客流"", ""assist_touches"": 30, ""pct"": ""10.0%""}, {""assist_channel"": ""懂车帝卖车通"", ""assist_touches"": 23, ""pct"": ""7.7%""}, {""assist_channel"": ""新媒体-抖音"", ""assist_touches"": 21, ""pct"": ""7.0%""}, {""assist_channel"": ""APP行为激活"", ""assist_touches"": 20, ""pct"": ""6.7%""}, {""assist_channel"": ""抖音-矩阵"", ""assist_touches"": 15, ""pct"": ""5.0%""}]","[{""assist_channel"": ""自然客流"", ""assist_touches"": 69, ""pct"": ""12.0%""}, {""assist_channel"": ""抖音-矩阵"", ""assist_touches"": 40, ""pct"": ""7.0%""}, {""assist_channel"": ""心愿单"", ""assist_touches"": 35, ""pct"": ""6.1%""}, {""assist_channel"": ""APP"", ""assist_touches"": 29, ""pct"": ""5.0%""}, {""assist_channel"": ""战败激活"", ""assist_touches"": 26, ""pct"": ""4.5%""}]","[{""assist_channel"": ""自然客流"", ""assist_touches"": 20, ""pct"": ""9.3%""}, {""assist_channel"": ""抖音-矩阵"", ""assist_touches"": 19, ""pct"": ""8.8%""}, {""assist_channel"": ""心愿单"", ""assist_touches"": 16, ""pct"": ""7.4%""}, {""assist_channel"": ""APP行为激活"", ""assist_touches"": 15, ""pct"": ""6.9%""}, {""assist_channel"": ""APP"", ""assist_touches"": 13, ""pct"": ""6.0%""}]"
下发线索转化率.下发线索数,16476,17590,17893,16324,16719,14553,13013,14094,14084,15066,18219,17997,17890,17696,16945,15853,16354,17004,16778,12753,13313,12022,13263
下发线索转化率.下发线索数 (门店),2630,2512,2679,3777,3834,2346,2296,2539,2496,2697,3387,3663,2395,2697,2190,2597,2517,3255,3310,2273,2197,2440,2766
下发线索转化率.下发线索数（直播）,2073,1629,1512,1288,1490,1707,1631,1808,1462,1682,1624,1818,2301,2251,2163,1657,2192,1380,1343,1207,2439,1527,1306
下发线索转化率.下发线索数（平台),6453,6670,6353,6171,5684,4815,4669,4400,5098,5527,5974,5455,5648,5929,5967,6662,6911,6688,6453,3973,3998,4204,4293
下发线索转化率.下发线索当日试驾数,433,530,715,1437,1428,729,709,742,805,901,1506,1598,1279,1274,1051,1072,1194,1427,1486,877,840,848,962
下发线索转化率.下发 (门店)线索当日锁单数,152,66,58,138,147,56,61,67,68,61,139,174,80,134,55,58,56,116,164,51,70,101,58
下发线索转化率.下发线索 7 日锁单数,653,288,251,397,400,224,236,238,202,230,354,478,261,361,184,171,203,348,393,193,226,284,159
下发线索转化率.下发线索 30 日锁单数,779,382,317,517,488,277,288,278,235,273,415,539,298,406,210,202,234,381,436,222,263,311,199
下发线索转化率.下发门店数,408,411,408,409,409,406,404,407,408,408,408,406,409,412,405,406,407,411,406,405,404,404,401
下发线索转化率.门店线索占比,16.0%,14.3%,15.0%,23.1%,22.9%,16.1%,17.6%,18.0%,17.7%,17.9%,18.6%,20.4%,13.4%,15.2%,12.9%,16.4%,15.4%,19.1%,19.7%,17.8%,16.5%,20.3%,20.9%
下发线索转化率.下发线索当日试驾率,2.6%,3.0%,4.0%,8.8%,8.5%,5.0%,5.4%,5.3%,5.7%,6.0%,8.3%,8.9%,7.1%,7.2%,6.2%,6.8%,7.3%,8.4%,8.9%,6.9%,6.3%,7.1%,7.3%
下发线索转化率.下发 (门店)线索当日锁单率,5.8%,2.6%,2.2%,3.7%,3.8%,2.4%,2.7%,2.6%,2.7%,2.3%,4.1%,4.8%,3.3%,5.0%,2.5%,2.2%,2.2%,3.6%,5.0%,2.2%,3.2%,4.1%,2.1%
下发线索转化率.下发线索当7日锁单率,4.0%,1.6%,1.4%,2.4%,2.4%,1.5%,1.8%,1.7%,1.4%,1.5%,1.9%,2.7%,1.5%,2.0%,1.1%,1.1%,1.2%,2.0%,2.3%,1.5%,1.7%,2.4%,1.2%
下发线索转化率.下发线索当30日锁单率,4.7%,2.2%,1.8%,3.2%,2.9%,1.9%,2.2%,2.0%,1.7%,1.8%,2.3%,3.0%,1.7%,2.3%,1.2%,1.3%,1.4%,2.2%,2.6%,1.7%,2.0%,2.6%,1.5%
下发线索转化率.下发线索数（门店)7日锁单率,7.7%,4.0%,3.6%,5.2%,5.1%,3.7%,4.2%,3.9%,4.0%,4.0%,5.1%,6.5%,4.0%,5.7%,3.7%,3.3%,3.4%,4.8%,6.3%,3.3%,4.2%,5.0%,2.7%
下发线索转化率.下发线索数（直播)7日锁单率,0.8%,1.2%,0.7%,0.7%,0.5%,0.4%,0.3%,0.2%,0.1%,0.5%,0.5%,0.4%,0.2%,0.2%,0.1%,0.1%,0.0%,0.4%,0.4%,0.5%,0.3%,0.1%,0.5%
下发线索转化率.下发线索数（平台)7日锁单率,1.6%,0.8%,1.0%,1.5%,1.6%,0.9%,1.0%,1.0%,0.8%,1.1%,1.3%,1.8%,0.8%,1.5%,0.8%,0.7%,0.8%,1.2%,1.3%,1.2%,1.7%,2.2%,0.9%
下发线索转化率.下发线索数（门店)30日锁单率,9.7%,4.6%,4.3%,6.6%,6.3%,4.4%,5.0%,4.5%,4.6%,4.9%,6.0%,7.3%,4.4%,6.5%,4.3%,3.7%,3.9%,5.3%,7.0%,3.7%,4.7%,5.4%,3.2%
下发线索转化率.下发线索数（直播)30日锁单率,1.2%,1.7%,1.1%,1.5%,0.6%,0.6%,0.6%,0.3%,0.3%,0.5%,0.7%,0.4%,0.3%,0.3%,0.4%,0.1%,0.1%,0.7%,0.5%,0.7%,0.4%,0.5%,0.5%
下发线索转化率.下发线索数（平台)30日锁单率,2.0%,1.3%,1.3%,1.8%,2.0%,1.2%,1.2%,1.3%,1.1%,1.3%,1.6%,2.2%,1.0%,1.7%,0.9%,1.0%,1.0%,1.4%,1.5%,1.4%,2.1%,2.3%,1.1%
下发线索转化率.下发 (门店)线索当日锁单数_字段来源,下发线索当日锁单数 (门店),下发线索当日锁单数 (门店),下发线索当日锁单数 (门店),下发线索当日锁单数 (门店),下发线索当日锁单数 (门店),下发线索当日锁单数 (门店),下发线索当日锁单数 (门店),下发线索当日锁单数 (门店),下发线索当日锁单数 (门店),下发线索当日锁单数 (门店),下发线索当日锁单数 (门店),下发线索当日锁单数 (门店),下发线索当日锁单数 (门店),下发线索当日锁单数 (门店),下发线索当日锁单数 (门店),下发线索当日锁单数 (门店),下发线索当日锁单数 (门店),下发线索当日锁单数 (门店),下发线索当日锁单数 (门店),下发线索当日锁单数 (门店),下发线索当日锁单数 (门店),下发线索当日锁单数 (门店),下发线索当日锁单数 (门店)
试驾分析.有效试驾数,1044,1581,2375,2785,2635,1673,1669,1711,1882,2231,2550,2507,2213,2154,1834,2068,2339,2306,2230,1514,1533,1558,1841
